date,open,close,high,low,volume
2019-01-02,3.27,3.29,3.35,3.27,134517.3
2019-01-03,3.29,3.21,3.3,3.17,85468.58
2019-01-04,3.14,3.48,3.53,3.14,331849.18
2019-01-07,3.46,3.53,3.64,3.46,294863.76
2019-01-08,3.59,3.53,3.64,3.5,174743.62
2019-01-09,3.56,3.46,3.56,3.46,128216.95
2019-01-10,3.48,3.39,3.5,3.34,177104.73
2019-01-11,3.4,3.5,3.58,3.34,192362.32
2019-01-14,3.5,3.42,3.5,3.38,122799.3
2019-01-15,3.42,3.46,3.48,3.38,73450.63
2019-01-16,3.46,3.5,3.59,3.46,136582.0
2019-01-17,3.52,3.54,3.57,3.47,117000.28
2019-01-18,3.54,3.47,3.55,3.41,101178.65
2019-01-21,3.45,3.48,3.51,3.41,73075.28
2019-01-22,3.49,3.42,3.5,3.42,51724.19
2019-01-23,3.39,3.43,3.46,3.39,43502.88
2019-01-24,3.44,3.42,3.46,3.4,47665.75
2019-01-25,3.42,3.37,3.44,3.35,71654.68
2019-01-28,3.37,3.34,3.39,3.34,56401.52
2019-01-29,3.34,3.31,3.34,3.25,55517.84
2019-01-30,3.31,3.35,3.39,3.28,64551.78
2019-01-31,3.34,3.28,3.37,3.26,62099.44
2019-02-01,3.31,3.3,3.32,3.25,62055.94
2019-02-11,3.3,3.41,3.42,3.26,102626.32
2019-02-12,3.37,3.43,3.44,3.37,86699.48
2019-02-13,3.42,3.44,3.45,3.4,70596.37
2019-02-14,3.43,3.45,3.5,3.43,71231.0
2019-02-15,3.44,3.56,3.56,3.43,172801.96
2019-02-18,3.58,3.6,3.62,3.54,165495.19
2019-02-19,3.6,3.57,3.62,3.49,115014.91
2019-02-20,3.53,3.51,3.57,3.46,75704.12
2019-02-21,3.5,3.51,3.57,3.49,59788.85
2019-02-22,3.51,3.54,3.56,3.46,100729.0
2019-02-25,3.56,3.7,3.71,3.55,279099.36
2019-02-26,3.7,3.76,3.83,3.63,303786.49
2019-02-27,3.74,4.05,4.14,3.72,491579.66
2019-02-28,4.01,3.89,4.01,3.82,232045.94
2019-03-01,3.84,3.85,3.91,3.8,147276.07
2019-03-04,3.87,3.84,3.94,3.8,256357.14
2019-03-05,3.87,3.89,3.91,3.82,194893.93
2019-03-06,3.9,3.94,4.03,3.89,246028.53
2019-03-07,3.94,3.93,3.94,3.85,221081.92
2019-03-08,3.88,3.67,3.88,3.67,251501.84
2019-03-11,3.64,3.78,3.83,3.61,247451.35
2019-03-12,3.8,3.92,3.95,3.8,298113.12
2019-03-13,3.98,3.93,4.07,3.92,353185.83
2019-03-14,3.91,3.82,4.05,3.71,251555.5
2019-03-15,3.85,4.19,4.2,3.82,603602.38
2019-03-18,4.05,4.06,4.1,3.95,407812.83
2019-03-19,4.06,4.01,4.13,3.97,243062.82
2019-03-20,4.0,3.98,4.02,3.89,170268.67
2019-03-21,3.98,4.03,4.04,3.94,217976.02
2019-03-22,4.0,4.04,4.07,3.96,185539.42
2019-03-25,4.01,3.98,4.1,3.96,213136.51
2019-03-26,4.02,3.85,4.03,3.84,143404.78
2019-03-27,3.86,3.82,3.91,3.78,80208.86
2019-03-28,3.83,3.74,3.85,3.72,100800.94
2019-03-29,3.75,3.82,3.82,3.73,108740.7
2019-04-01,3.87,3.96,3.96,3.83,138307.35
2019-04-02,3.95,3.95,3.98,3.92,140661.03
2019-04-03,3.94,3.97,3.98,3.92,103328.93
2019-04-04,3.98,4.03,4.04,3.97,144229.69
2019-04-08,4.07,4.19,4.23,4.02,359146.36
2019-04-09,4.23,4.36,4.45,4.22,396607.28
2019-04-10,4.31,4.41,4.49,4.29,338300.33
2019-04-11,4.37,4.59,4.79,4.37,489782.9
2019-04-12,5.05,5.05,5.05,5.05,246704.3
2019-04-15,5.43,5.09,5.52,5.06,1166677.53
2019-04-16,4.93,5.06,5.13,4.82,616974.74
2019-04-17,5.04,5.21,5.41,5.04,601476.71
2019-04-18,5.16,5.73,5.73,5.07,983737.25
2019-04-19,5.82,5.86,6.28,5.74,948907.02
2019-04-22,5.73,5.53,5.76,5.46,677480.83
2019-04-23,5.53,5.35,5.54,5.34,374631.46
2019-04-24,5.38,5.45,5.54,5.33,377856.62
2019-04-25,5.42,5.13,5.43,5.08,393136.07
2019-04-26,5.13,5.26,5.45,5.07,377427.89
2019-04-29,5.4,5.09,5.41,5.09,243096.43
2019-04-30,5.08,5.1,5.22,4.99,202643.76
2019-05-06,4.95,4.7,5.03,4.62,334232.36
2019-05-07,4.79,4.84,4.92,4.71,219831.84
2019-05-08,4.79,4.57,4.79,4.46,367426.26
2019-05-09,4.53,4.54,4.68,4.51,174948.09
2019-05-10,4.62,4.84,4.9,4.57,346603.15
2019-05-13,4.79,4.63,4.8,4.55,293794.52
2019-05-14,4.54,4.57,4.66,4.54,149951.23
2019-05-15,4.62,4.71,4.74,4.56,241187.21
2019-05-16,4.67,4.69,4.76,4.63,196892.35
2019-05-17,4.7,4.6,4.79,4.55,205418.94
2019-05-20,4.56,4.44,4.57,4.19,281447.24
2019-05-21,4.39,4.51,4.56,4.39,150439.45
2019-05-22,4.51,4.66,4.73,4.51,245316.32
2019-05-23,4.63,4.44,4.64,4.4,201477.39
2019-05-24,4.44,4.41,4.56,4.36,152521.53
2019-05-27,4.39,4.65,4.66,4.39,189506.2
2019-05-28,4.67,4.67,4.85,4.63,261181.59
2019-05-29,4.67,4.67,4.7,4.64,119257.61
2019-05-30,4.69,4.56,4.7,4.51,160173.82
2019-05-31,4.61,4.84,4.94,4.61,406724.84
2019-06-03,4.87,5.08,5.26,4.87,514112.85
2019-06-04,5.11,5.16,5.26,4.95,308177.81
2019-06-05,5.17,4.91,5.23,4.89,322325.91
2019-06-06,4.87,4.82,5.02,4.79,226130.26
2019-06-10,4.83,5.04,5.07,4.81,268820.55
2019-06-11,5.03,5.15,5.22,4.96,274875.8
2019-06-12,5.14,5.08,5.17,5.05,234704.28
2019-06-13,5.1,5.29,5.51,5.05,353346.4
2019-06-14,5.25,5.03,5.32,4.99,232242.81
2019-06-17,4.99,5.11,5.16,4.93,154115.32
2019-06-18,5.09,4.95,5.11,4.92,141759.78
2019-06-19,5.06,5.19,5.28,5.06,259447.42
2019-06-20,5.2,5.28,5.33,5.06,309860.73
2019-06-21,5.24,5.53,5.53,5.17,472139.19
2019-06-24,5.42,5.39,5.46,5.32,248377.13
2019-06-25,5.39,5.41,5.42,5.28,203853.34
2019-06-26,5.34,5.32,5.4,5.3,113861.15
2019-06-27,5.34,5.31,5.39,5.29,133267.81
2019-06-28,5.34,5.24,5.4,5.23,184144.95
2019-07-01,5.32,5.38,5.39,5.26,203110.51
2019-07-02,5.37,5.25,5.38,5.25,147784.1
2019-07-03,5.13,5.07,5.23,5.04,221940.19
2019-07-04,5.08,5.12,5.16,5.06,146534.12
2019-07-05,5.15,5.22,5.25,5.08,142323.16
2019-07-08,5.13,4.87,5.15,4.77,296595.45
2019-07-09,4.97,5.15,5.17,4.91,363004.51
2019-07-10,5.07,4.9,5.1,4.86,234617.37
2019-07-11,4.91,4.81,4.95,4.79,141216.34
2019-07-12,4.84,4.83,4.89,4.77,123822.96
2019-07-15,4.82,4.8,4.85,4.69,202265.67
2019-07-16,4.82,4.86,4.88,4.81,136336.89
2019-07-17,4.86,4.82,4.86,4.77,95901.44
2019-07-18,4.82,4.82,4.86,4.74,124907.82
2019-07-19,4.75,4.78,4.86,4.75,141613.13
2019-07-22,4.76,4.66,4.79,4.65,136454.57
2019-07-23,4.71,4.74,4.8,4.67,89909.7
2019-07-24,4.78,4.86,4.88,4.73,180898.81
2019-07-25,4.76,4.75,4.84,4.72,133341.82
2019-07-26,4.75,4.77,4.81,4.73,66212.7
2019-07-29,4.88,4.85,4.89,4.77,127417.24
2019-07-30,4.86,4.83,4.88,4.82,65070.04
2019-07-31,4.82,4.81,4.86,4.8,49324.09
2019-08-01,4.79,4.86,4.87,4.79,100090.12
2019-08-02,4.81,4.77,4.86,4.74,114106.49
2019-08-05,4.77,4.86,4.93,4.77,148563.51
2019-08-06,4.81,4.82,4.84,4.69,131332.35
2019-08-07,4.82,5.05,5.08,4.79,270102.32
2019-08-08,5.07,5.09,5.12,5.01,191319.2
2019-08-09,5.1,4.94,5.12,4.86,168950.75
2019-08-12,4.93,4.94,4.95,4.86,94161.61
2019-08-13,4.89,5.09,5.12,4.88,186851.54
2019-08-14,5.08,5.23,5.26,5.05,246322.13
2019-08-15,5.14,5.35,5.37,5.1,275543.82
2019-08-16,5.37,5.29,5.4,5.23,207078.77
2019-08-19,5.31,5.32,5.34,5.17,177582.25
2019-08-20,5.32,5.23,5.32,5.19,162476.46
2019-08-21,5.2,5.27,5.28,5.17,111106.96
2019-08-22,5.27,5.41,5.42,5.24,180244.48
2019-08-23,5.39,5.25,5.45,5.21,126887.38
2019-08-26,5.18,5.15,5.28,5.14,110731.55
2019-08-27,5.18,5.23,5.27,5.13,143612.46
2019-08-28,5.24,5.17,5.33,5.15,123324.16
2019-08-29,5.21,5.01,5.21,4.98,185425.79
2019-08-30,5.08,4.96,5.1,4.86,161216.42
2019-09-02,4.92,5.08,5.1,4.92,100174.01
2019-09-03,5.09,5.08,5.15,5.05,94670.0
2019-09-04,5.09,5.13,5.15,5.05,104127.31
2019-09-05,5.13,5.12,5.16,5.1,213586.26
2019-09-06,5.14,5.05,5.14,4.96,184060.58
2019-09-09,5.05,5.02,5.07,5.0,107270.71
2019-09-10,5.02,5.02,5.03,4.97,84022.41
2019-09-11,5.02,4.96,5.03,4.95,83127.55
2019-09-12,4.99,4.98,4.99,4.91,113426.16
2019-09-16,4.97,5.04,5.06,4.97,117146.5
2019-09-17,5.04,4.93,5.04,4.91,94269.92
2019-09-18,4.93,4.99,5.01,4.93,54040.0
2019-09-19,5.0,5.04,5.06,4.96,122576.45
2019-09-20,5.03,5.02,5.05,5.0,66662.93
2019-09-23,5.02,5.28,5.28,4.98,283732.12
2019-09-24,5.29,5.16,5.3,5.14,177370.97
2019-09-25,5.14,5.06,5.19,5.01,117066.16
2019-09-26,5.07,4.81,5.07,4.73,193057.1
2019-09-27,4.72,4.43,4.74,4.33,375353.9
2019-09-30,4.32,4.28,4.36,4.16,239996.53
2019-10-08,4.25,4.41,4.44,4.25,185578.88
2019-10-09,4.46,4.53,4.54,4.37,133931.14
2019-10-10,4.53,4.67,4.69,4.52,131766.39
2019-10-11,4.95,4.72,5.01,4.67,325485.3
2019-10-14,4.74,4.72,4.81,4.68,214379.25
2019-10-15,4.72,4.67,4.73,4.63,117259.59
2019-10-16,4.7,4.68,4.7,4.63,69882.19
2019-10-17,4.67,4.79,4.84,4.67,133619.1
2019-10-18,4.83,4.71,4.85,4.67,101779.59
2019-10-21,4.67,4.61,4.67,4.54,88354.6
2019-10-22,4.61,4.61,4.63,4.58,66353.01
2019-10-23,4.63,4.58,4.63,4.57,45524.03
2019-10-24,4.58,4.44,4.6,4.4,117385.94
2019-10-25,4.45,4.6,4.62,4.45,114936.42
2019-10-28,4.58,4.64,4.65,4.58,70197.0
2019-10-29,4.66,4.58,4.67,4.52,77864.23
2019-10-30,4.63,4.45,4.65,4.43,112296.9
2019-10-31,4.47,4.49,4.58,4.45,124837.07
2019-11-01,4.49,4.55,4.57,4.47,64470.0
2019-11-04,4.56,4.63,4.69,4.52,130451.8
2019-11-05,4.66,4.6,4.67,4.58,85959.0
2019-11-06,4.58,4.62,4.65,4.58,78669.16
2019-11-07,4.61,4.6,4.64,4.58,67583.4
2019-11-08,4.61,4.55,4.63,4.51,91655.0
2019-11-11,4.56,4.49,4.56,4.48,84533.0
2019-11-12,4.52,4.47,4.53,4.44,53889.16
2019-11-13,4.49,4.48,4.5,4.4,50960.4
2019-11-14,4.46,4.46,4.52,4.43,52226.4
2019-11-15,4.44,4.43,4.48,4.41,52246.93
2019-11-18,4.41,4.41,4.43,4.38,64169.27
2019-11-19,4.42,4.49,4.5,4.4,57600.87
2019-11-20,4.5,4.53,4.56,4.45,68057.18
2019-11-21,4.53,4.46,4.53,4.44,64006.88
2019-11-22,4.44,4.43,4.49,4.41,63622.08
2019-11-25,4.43,4.48,4.51,4.43,66032.54
2019-11-26,4.49,4.52,4.56,4.48,69539.8
2019-11-27,4.52,4.44,4.52,4.41,74061.46
2019-11-28,4.44,4.4,4.44,4.36,83483.65
2019-11-29,4.39,4.37,4.42,4.36,39469.88
2019-12-02,4.43,4.39,4.43,4.38,45195.56
2019-12-03,4.4,4.37,4.42,4.34,54665.27
2019-12-04,4.35,4.31,4.38,4.3,63365.44
2019-12-05,4.33,4.33,4.34,4.3,59872.0
2019-12-06,4.33,4.29,4.35,4.26,84735.14
2019-12-09,4.29,4.34,4.34,4.27,99051.28
2019-12-10,4.33,4.31,4.34,4.3,76226.0
2019-12-11,4.33,4.31,4.33,4.29,39767.92
2019-12-12,4.31,4.27,4.31,4.26,41735.64
2019-12-13,4.29,4.3,4.3,4.27,71990.95
2019-12-16,4.3,4.35,4.37,4.29,92405.21
2019-12-17,4.36,4.4,4.42,4.34,105263.54
2019-12-18,4.39,4.39,4.43,4.38,74731.72
2019-12-19,4.4,4.42,4.42,4.38,60090.85
2019-12-20,4.42,4.37,4.44,4.36,63420.0
2019-12-23,4.36,4.38,4.48,4.36,103031.74
2019-12-24,4.37,4.33,4.42,4.3,89052.5
2019-12-25,4.33,4.32,4.35,4.31,54358.0
2019-12-26,4.34,4.33,4.34,4.31,40354.54
2019-12-27,4.33,4.33,4.39,4.33,63454.96
2019-12-30,4.31,4.35,4.35,4.3,88605.5
2019-12-31,4.33,4.34,4.35,4.3,73970.33
2020-01-02,4.37,4.42,4.42,4.35,148863.35
2020-01-03,4.4,4.44,4.45,4.39,161320.63
2020-01-06,4.41,4.43,4.45,4.38,199538.0
2020-01-07,4.41,4.47,4.47,4.4,190249.09
2020-01-08,4.66,4.52,4.72,4.5,561237.29
2020-01-09,4.55,4.57,4.58,4.48,326698.39
2020-01-10,4.57,4.5,4.57,4.5,156206.21
2020-01-13,4.5,4.5,4.51,4.46,188328.89
2020-01-14,4.48,4.5,4.53,4.48,176361.34
2020-01-15,4.49,4.46,4.51,4.45,116986.86
2020-01-16,4.47,4.4,4.47,4.4,119555.0
2020-01-17,4.43,4.41,4.44,4.4,97191.29
2020-01-20,4.4,4.44,4.44,4.36,80396.99
2020-01-21,4.42,4.37,4.43,4.37,87202.36
2020-01-22,4.37,4.34,4.37,4.29,101525.0
2020-01-23,4.33,4.19,4.33,4.14,129605.23
2020-02-03,3.77,3.77,3.77,3.77,42496.0
2020-02-04,3.4,3.6,3.63,3.4,246122.06
2020-02-05,3.6,3.65,3.73,3.59,161436.82
2020-02-06,3.63,3.66,3.67,3.57,174047.93
2020-02-07,3.64,3.63,3.65,3.6,128251.16
2020-02-10,3.61,3.76,3.77,3.58,249612.63
2020-02-11,3.77,3.83,3.89,3.74,240901.73
2020-02-12,3.8,3.88,3.9,3.76,175044.08
2020-02-13,3.87,3.94,4.01,3.83,194891.73
2020-02-14,3.93,3.97,4.03,3.92,112290.98
2020-02-17,3.96,4.02,4.03,3.94,164784.62
2020-02-18,4.02,4.0,4.06,3.97,138578.37
2020-02-19,3.98,3.96,4.03,3.96,97766.02
2020-02-20,3.96,4.01,4.02,3.92,133036.07
2020-02-21,4.03,4.02,4.04,3.99,104826.67
2020-02-24,4.0,3.95,4.0,3.9,172281.57
2020-02-25,3.86,3.84,3.88,3.74,203396.06
2020-02-26,3.78,3.85,3.93,3.76,145667.86
2020-02-27,3.85,3.88,3.91,3.85,99554.33
2020-02-28,3.79,3.74,3.85,3.74,135915.0
2020-03-02,3.74,3.84,3.85,3.74,136424.84
2020-03-03,3.88,3.91,3.94,3.87,193392.13
2020-03-04,3.89,3.97,3.98,3.87,145298.72
2020-03-05,4.02,4.04,4.04,3.97,202566.78
2020-03-06,4.0,3.98,4.02,3.96,136245.41
2020-03-09,3.95,3.85,3.96,3.84,141962.0
2020-03-10,3.77,4.04,4.23,3.76,345675.79
2020-03-11,4.02,3.92,4.04,3.91,209711.61
2020-03-12,3.86,3.81,3.89,3.79,149720.75
2020-03-13,3.68,3.75,3.81,3.64,153652.43
2020-03-16,3.79,3.66,3.82,3.64,129919.0
2020-03-17,3.64,3.67,3.71,3.58,100853.89
2020-03-18,3.68,3.59,3.72,3.58,112155.0
2020-03-19,3.59,3.58,3.6,3.46,103381.38
2020-03-20,3.59,3.61,3.61,3.56,66764.62
2020-03-23,3.56,3.65,3.69,3.53,103273.0
2020-03-24,3.68,3.7,3.72,3.63,102055.43
2020-03-25,3.74,3.76,3.77,3.71,99272.85
2020-03-26,3.74,3.74,3.76,3.72,85369.9
2020-03-27,3.75,3.74,3.8,3.73,84958.3
2020-03-30,3.74,3.7,3.74,3.63,135934.55
2020-03-31,3.73,3.7,3.74,3.65,73092.23
2020-04-01,3.67,3.64,3.72,3.57,109131.49
2020-04-02,3.6,3.68,3.68,3.6,76094.72
2020-04-03,3.65,3.63,3.66,3.61,64230.1
2020-04-07,3.65,3.67,3.68,3.63,109853.47
2020-04-08,3.68,3.76,3.79,3.67,136259.92
2020-04-09,3.79,3.76,3.8,3.74,72859.0
2020-04-10,3.72,3.66,3.73,3.65,95130.9
2020-04-13,3.65,3.6,3.65,3.6,55189.25
2020-04-14,3.6,3.63,3.63,3.6,48410.22
2020-04-15,3.62,3.6,3.64,3.6,49224.02
2020-04-16,3.6,3.67,3.7,3.57,102953.62
2020-04-17,3.65,3.63,3.66,3.61,70148.0
2020-04-20,3.61,3.6,3.62,3.59,61385.43
2020-04-21,3.59,3.63,3.65,3.59,75565.41
2020-04-22,3.62,3.65,3.65,3.6,49049.7
2020-04-23,3.65,3.63,3.66,3.62,44108.89
2020-04-24,3.63,3.61,3.64,3.6,38067.12
2020-04-27,3.6,3.65,3.69,3.6,75043.45
2020-04-28,3.66,3.77,3.77,3.62,167229.82
2020-04-29,3.77,3.86,3.86,3.69,232912.32
2020-04-30,3.86,3.85,3.89,3.84,159773.65
2020-05-20,4.17,3.88,4.17,3.85,297828.3
2020-05-21,3.82,3.64,3.83,3.61,243608.64
2020-05-22,3.63,3.6,3.68,3.58,86788.95
2020-05-25,3.59,3.58,3.61,3.54,91466.52
2020-05-26,3.58,3.6,3.61,3.56,68208.47
2020-05-27,3.6,3.59,3.6,3.57,39338.7
2020-05-28,3.59,3.56,3.6,3.55,52845.02
2020-05-29,3.56,3.6,3.62,3.55,64081.5
2020-06-01,3.6,3.62,3.63,3.59,78844.26
2020-06-02,3.62,3.6,3.63,3.59,92064.11
2020-06-03,3.6,3.58,3.62,3.57,82839.32
2020-06-04,3.59,3.59,3.6,3.57,63667.54
2020-06-05,3.6,3.59,3.62,3.57,75112.0
2020-06-08,3.6,3.57,3.6,3.55,77419.83
2020-06-09,3.58,3.56,3.58,3.54,60708.02
2020-06-10,3.56,3.52,3.56,3.5,71467.01
2020-06-11,3.51,3.5,3.53,3.49,53398.32
2020-06-12,3.47,3.5,3.51,3.46,55972.78
2020-06-15,3.51,3.47,3.51,3.46,51703.92
2020-06-16,3.49,3.52,3.53,3.49,46088.48
2020-06-17,3.53,3.54,3.54,3.51,40546.14
2020-06-18,3.53,3.55,3.56,3.51,40406.6
2020-06-19,3.55,3.53,3.56,3.53,37254.9
2020-06-22,3.53,3.51,3.56,3.51,39917.78
2020-06-23,3.52,3.48,3.52,3.47,45075.0
2020-06-24,3.5,3.51,3.51,3.48,35134.0
2020-06-29,3.51,3.49,3.52,3.48,43004.66
2020-06-30,3.49,3.49,3.52,3.49,33891.3
2020-07-01,3.52,3.55,3.56,3.51,49972.08
2020-07-02,3.53,3.59,3.6,3.53,85975.0
2020-07-03,3.6,3.6,3.63,3.59,133530.01
2020-07-06,3.62,3.77,3.78,3.61,196055.93
2020-07-07,3.83,3.77,3.85,3.74,202217.11
2020-07-08,3.77,3.85,3.86,3.74,170196.19
2020-07-09,3.88,3.88,3.88,3.82,193013.05
2020-07-10,3.87,3.84,3.92,3.82,153233.54
2020-07-13,3.84,3.9,3.91,3.83,165267.9
2020-07-14,3.91,3.86,3.92,3.81,163527.02
2020-07-15,3.88,3.84,3.9,3.81,108904.43
2020-07-16,3.83,3.77,3.88,3.76,126067.66
2020-07-17,3.77,3.75,3.82,3.74,71893.44
2020-07-20,3.76,3.84,3.85,3.75,95499.26
2020-07-21,3.84,3.82,3.86,3.81,57856.4
2020-07-22,3.83,3.83,3.85,3.81,65397.18
2020-07-23,3.82,3.78,3.82,3.73,87843.17
2020-07-24,3.77,3.68,3.79,3.68,78760.26
2020-07-27,3.68,3.66,3.7,3.64,49342.33
2020-07-28,3.65,3.67,3.69,3.65,28352.85
2020-07-29,3.68,3.71,3.71,3.64,51591.77
2020-07-30,3.71,3.77,3.77,3.7,86422.1
2020-07-31,3.74,3.75,3.77,3.71,77112.03
2020-08-03,3.76,3.77,3.78,3.74,88115.0
2020-08-04,3.78,3.76,3.78,3.74,66120.85
2020-08-05,3.76,3.75,3.76,3.71,70820.02
2020-08-06,3.76,3.74,3.76,3.71,60207.9
2020-08-07,3.73,3.71,3.74,3.68,55006.36
2020-08-10,3.71,3.81,3.81,3.69,123328.75
2020-08-11,3.82,3.76,3.85,3.74,109666.82
2020-08-12,3.75,3.88,3.88,3.73,137897.16
2020-08-13,3.9,3.85,3.93,3.84,140967.88
2020-08-14,3.84,3.86,3.88,3.78,90210.16
2020-08-17,3.91,3.86,3.91,3.83,121342.2
2020-08-18,3.86,3.86,3.88,3.85,80390.49
2020-08-19,3.86,3.96,4.07,3.82,332193.04
2020-08-20,3.95,3.92,4.0,3.89,196926.44
2020-08-21,3.9,3.86,3.93,3.85,124654.82
2020-08-24,3.86,3.86,3.88,3.83,58531.0
2020-08-25,3.86,3.81,3.86,3.79,83792.22
2020-08-26,3.83,3.77,3.83,3.76,65317.61
2020-08-27,3.79,3.79,3.81,3.75,45282.64
2020-08-28,3.76,3.83,3.83,3.76,40505.28
2020-08-31,3.83,3.79,3.85,3.79,79244.0
2020-09-01,3.78,3.81,3.82,3.77,52649.0
2020-09-02,3.8,3.79,3.82,3.78,48330.81
2020-09-03,3.79,3.78,3.81,3.76,44412.08
2020-09-04,3.75,3.75,3.76,3.73,42930.83
2020-09-07,3.74,3.73,3.77,3.72,51578.0
2020-09-08,3.73,3.77,3.77,3.71,74534.41
2020-09-09,3.73,3.79,3.83,3.73,115249.91
2020-09-10,3.8,3.7,3.81,3.69,95042.89
2020-09-11,3.69,3.71,3.72,3.67,39476.0
2020-09-14,3.71,3.72,3.72,3.69,31375.04
2020-09-15,3.71,3.71,3.72,3.69,26203.0
2020-09-16,3.71,3.7,3.71,3.68,25159.66
2020-09-17,3.69,3.69,3.7,3.66,31154.0
2020-09-18,3.67,3.72,3.73,3.67,40993.0
2020-09-21,3.72,3.71,3.73,3.69,36880.0
2020-09-22,3.7,3.67,3.7,3.65,36654.0
2020-09-23,3.67,3.66,3.68,3.64,29622.08
2020-09-24,3.65,3.59,3.65,3.59,48618.0
2020-09-25,3.59,3.58,3.61,3.57,25165.08
2020-09-28,3.58,3.56,3.59,3.55,21398.0
2020-09-29,3.56,3.58,3.59,3.56,21171.0
2020-09-30,3.58,3.58,3.59,3.56,30045.0
2020-10-09,3.59,3.62,3.63,3.59,34522.0
2020-10-12,3.62,3.68,3.69,3.62,57683.28
2020-10-13,3.65,3.68,3.7,3.63,49521.06
2020-10-14,3.68,3.67,3.75,3.66,53870.04
2020-10-15,3.68,3.64,3.68,3.63,43414.0
2020-10-16,3.62,3.65,3.66,3.62,28628.56
2020-10-19,3.69,3.67,3.71,3.65,39714.28
2020-10-20,3.67,3.66,3.7,3.64,34497.0
2020-10-21,3.66,3.64,3.66,3.62,17342.0
2020-10-22,3.64,3.62,3.64,3.61,21352.0
2020-10-23,3.61,3.62,3.65,3.6,22946.0
2020-10-26,3.62,3.6,3.68,3.59,64122.54
2020-10-27,3.59,3.59,3.61,3.57,20298.46
2020-10-28,3.58,3.59,3.61,3.58,26097.0
2020-10-29,3.59,3.59,3.59,3.57,22809.2
2020-10-30,3.58,3.54,3.58,3.53,35837.0
2020-11-02,3.57,3.51,3.57,3.49,36714.16
2020-11-03,3.52,3.52,3.54,3.49,33937.08
2020-11-04,3.53,3.54,3.56,3.51,48726.02
2020-11-05,3.55,3.59,3.59,3.54,54992.4
2020-11-06,3.58,3.59,3.65,3.57,71406.68
2020-11-09,3.6,3.6,3.63,3.59,66212.61
2020-11-10,3.61,3.6,3.62,3.59,30425.2
2020-11-11,3.6,3.59,3.61,3.58,38542.61
2020-11-12,3.59,3.59,3.6,3.58,24875.46
2020-11-13,3.59,3.57,3.59,3.55,28433.4
2020-11-16,3.57,3.61,3.64,3.56,65209.6
2020-11-17,3.61,3.63,3.64,3.6,61179.4
2020-11-18,3.62,3.62,3.64,3.61,41789.4
2020-11-19,3.87,3.72,3.87,3.69,310938.99
2020-11-20,3.69,3.69,3.72,3.64,146715.6
2020-11-23,3.71,3.7,3.71,3.65,90811.79
2020-11-24,3.7,3.71,3.75,3.68,88703.0
2020-11-25,3.7,3.69,3.75,3.69,102232.0
2020-11-26,3.74,4.06,4.06,3.74,468356.82
2020-11-27,4.08,3.93,4.11,3.85,632252.21
2020-11-30,3.89,3.96,4.03,3.84,382913.3
2020-12-01,3.94,3.91,3.95,3.87,228716.65
2020-12-02,3.89,3.86,3.89,3.82,192488.16
2020-12-03,3.85,3.87,3.88,3.81,135688.42
2020-12-04,3.83,3.78,3.85,3.78,133208.65
2020-12-07,3.78,3.71,3.81,3.71,120076.79
2020-12-08,3.7,3.72,3.73,3.67,87524.55
2020-12-09,3.71,3.62,3.72,3.6,145395.7
2020-12-10,3.61,3.62,3.66,3.59,81378.54
2020-12-11,3.61,3.56,3.62,3.55,86128.04
2020-12-14,3.57,3.59,3.64,3.57,74437.0
2020-12-15,3.59,3.6,3.62,3.55,66533.43
2020-12-16,3.6,3.59,3.62,3.58,57345.0
2020-12-17,3.59,3.65,3.68,3.59,116689.88
2020-12-18,3.73,3.66,3.81,3.65,250495.69
2020-12-21,3.73,3.85,3.98,3.69,350611.28
2020-12-22,3.84,3.76,3.94,3.76,253956.69
2020-12-23,3.76,4.05,4.14,3.75,649492.44
2020-12-24,4.01,3.93,4.01,3.85,465753.32
2020-12-25,3.96,4.14,4.31,3.92,722940.25
2020-12-28,4.09,4.07,4.1,3.97,477713.61
2020-12-29,4.06,3.84,4.06,3.83,421641.0
2020-12-30,3.84,3.9,4.0,3.83,318385.7
2020-12-31,3.93,3.91,3.96,3.85,225681.38
2021-01-04,3.86,3.9,3.93,3.81,209684.05
2021-01-05,3.89,3.85,3.91,3.79,215037.52
2021-01-06,3.85,4.05,4.14,3.79,451126.49
2021-01-07,3.96,3.88,4.06,3.85,325373.75
2021-01-08,3.82,3.78,3.87,3.75,194210.82
2021-01-11,3.78,3.6,3.82,3.59,243281.94
2021-01-12,3.6,3.64,3.67,3.6,99208.2
2021-01-13,3.65,3.67,3.7,3.59,120200.64
2021-01-14,3.66,3.63,3.67,3.62,82798.86
2021-01-15,3.63,3.66,3.66,3.62,69994.62
2021-01-18,3.66,3.76,3.84,3.64,146919.17
2021-01-19,3.72,3.7,3.75,3.69,127146.0
2021-01-20,3.7,3.65,3.71,3.65,86427.23
2021-01-21,3.64,3.64,3.67,3.63,84774.0
2021-01-22,3.62,3.61,3.64,3.58,104995.09
2021-01-25,3.68,3.69,3.73,3.65,175264.26
2021-01-26,3.7,3.67,3.7,3.63,74660.2
2021-01-27,3.67,3.66,3.72,3.64,134311.6
2021-01-29,3.68,3.51,3.69,3.5,145405.71
2021-02-01,3.49,3.42,3.51,3.38,97428.09
2021-02-02,3.4,3.46,3.48,3.4,44563.4
2021-02-03,3.44,3.33,3.46,3.21,72672.0
2021-02-04,3.3,3.28,3.33,3.2,98878.24
2021-02-05,3.27,3.24,3.28,3.22,53767.8
2021-02-08,3.22,3.24,3.25,3.22,26910.0
2021-02-09,3.24,3.29,3.29,3.24,50193.0
2021-02-10,3.29,3.27,3.29,3.25,32954.0
2021-02-18,3.29,3.34,3.35,3.27,57764.21
2021-02-19,3.33,3.4,3.41,3.32,72223.02
2021-02-22,3.41,3.46,3.49,3.39,106548.2
2021-02-23,3.47,3.46,3.5,3.44,58880.42
2021-02-24,3.46,3.43,3.47,3.42,48035.1
2021-02-25,3.44,3.46,3.46,3.44,34578.0
2021-02-26,3.42,3.46,3.53,3.38,70514.0
2021-03-01,3.58,3.6,3.73,3.51,164549.92
2021-03-02,3.6,3.77,3.91,3.6,324543.15
2021-03-03,3.72,3.85,3.89,3.67,308991.44
2021-03-04,3.85,3.82,3.85,3.73,203423.3
2021-03-05,3.77,3.86,3.96,3.75,354994.52
2021-03-08,3.89,4.01,4.07,3.82,571342.63
2021-03-09,3.93,3.79,3.96,3.65,432420.88
2021-03-10,3.73,4.17,4.17,3.67,526609.29
2021-03-11,4.17,4.59,4.59,4.14,1149774.78
2021-03-12,5.04,5.04,5.04,4.6,1660572.36
2021-03-15,5.24,5.05,5.55,4.99,2345463.94
2021-03-16,4.95,5.56,5.56,4.79,2229348.98
2021-03-17,5.34,5.07,5.39,5.0,1892309.05
2021-03-18,5.44,5.58,5.58,5.4,953300.11
2021-03-19,5.58,6.13,6.13,5.44,1410089.89
2021-03-22,6.74,6.74,6.74,6.74,91101.82
2021-03-23,7.41,7.41,7.41,7.41,59633.02
2021-03-24,8.13,8.15,8.15,7.89,1340443.85
2021-03-25,8.35,7.43,8.63,7.34,2830935.31
2021-03-26,7.44,7.79,8.15,7.1,2564140.85
2021-03-29,7.62,8.17,8.53,7.57,2740158.04
2021-03-30,7.76,8.97,8.99,7.36,2945326.5
2021-03-31,8.35,8.07,8.92,8.07,2369420.53
2021-04-01,7.6,7.67,8.25,7.3,2024305.1
2021-04-02,7.91,7.4,8.05,7.34,1714264.12
2021-04-06,7.19,8.14,8.14,7.1,1745029.66
2021-04-07,8.45,8.96,8.96,8.37,837711.66
2021-04-08,9.85,9.85,9.85,8.65,3160130.67
2021-04-09,9.74,10.83,10.83,9.74,1915349.24
2021-04-12,11.53,11.92,11.92,11.44,1042100.52
2021-04-13,11.66,11.46,12.83,11.0,2937654.51
2021-04-14,10.64,10.97,11.76,10.36,2251379.57
2021-04-15,11.01,10.06,11.26,9.91,2053874.75
2021-04-16,10.22,10.32,10.54,9.85,2021810.81
2021-04-19,10.54,10.72,11.25,10.44,2144767.73
2021-04-20,10.69,11.75,11.79,10.16,3062875.97
2021-04-21,10.98,10.57,11.15,10.57,2362564.16
2021-04-22,10.27,10.58,10.76,10.2,1381329.47
2021-04-23,10.98,10.72,11.08,10.2,1549370.57
2021-04-26,10.21,10.35,10.81,9.82,1356624.91
2021-04-27,10.2,9.32,10.25,9.32,1572575.55
2021-04-28,9.06,8.93,9.45,8.7,1561161.68
2021-04-29,8.92,8.65,8.96,8.52,1370586.85
2021-04-30,8.48,8.4,8.59,8.15,1377120.56
2021-05-06,8.49,8.82,9.19,8.35,1792094.52
2021-05-07,8.63,8.52,8.87,8.31,1378839.19
2021-05-10,8.32,8.87,9.06,8.32,1572393.6
2021-05-11,8.82,9.75,9.75,8.77,2352226.18
2021-05-12,9.71,9.38,9.71,8.95,1523205.93
2021-05-13,9.11,9.11,9.59,9.04,1291075.01
2021-05-14,8.95,9.0,9.41,8.87,1078613.04
2021-05-17,8.84,8.84,9.09,8.71,881308.69
2021-05-18,8.78,9.48,9.72,8.59,1713897.47
2021-05-19,9.52,10.44,10.44,9.41,2022391.05
2021-05-20,10.89,11.01,11.46,10.1,2801894.44
2021-05-21,10.7,12.03,12.11,10.38,2763225.15
2021-05-24,12.03,11.08,12.61,11.06,2762180.8
2021-05-25,10.98,10.75,11.4,10.69,1988678.23
2021-05-26,10.64,11.82,11.82,10.37,1689672.07
2021-05-27,12.29,13.01,13.01,11.96,2464236.77
2021-05-28,13.58,12.97,14.28,12.76,2880350.52
2021-05-31,13.3,13.21,13.86,12.84,2405481.99
2021-06-01,12.94,12.39,13.21,12.15,1921025.69
2021-06-02,12.39,13.29,13.51,12.2,2253996.52
2021-06-03,13.01,12.44,13.26,12.15,1529561.43
2021-06-04,12.38,11.58,12.38,11.56,1121626.94
2021-06-07,11.52,11.82,12.15,11.44,911983.1
2021-06-08,11.72,12.3,12.54,11.61,1313245.4
2021-06-09,11.88,11.94,12.37,11.72,881594.04
2021-06-10,11.84,11.77,12.19,11.61,875362.66
2021-06-11,11.84,11.98,12.52,11.84,1211321.17
2021-06-15,11.82,11.31,12.26,11.26,988767.14
2021-06-16,11.11,10.18,11.11,10.18,992290.28
2021-06-17,9.95,10.12,10.35,9.56,743528.33
2021-06-18,10.05,10.33,10.43,9.82,796422.85
2021-06-21,10.15,10.99,11.3,10.06,1076022.14
2021-06-22,10.99,11.64,12.09,10.64,1435608.93
2021-06-23,11.64,11.78,12.33,11.5,1318699.07
2021-06-24,11.51,11.6,12.16,11.07,1067249.82
2021-06-25,11.56,11.99,12.14,11.22,1177360.95
2021-06-28,12.29,11.81,12.54,11.73,1023124.14
2021-06-29,11.38,10.97,11.5,10.96,983845.05
2021-06-30,10.83,10.93,11.08,10.78,584246.18
2021-07-01,10.96,10.26,11.0,10.24,718287.52
2021-07-02,10.15,10.49,10.61,10.02,643090.51
2021-07-05,10.27,10.3,10.56,10.11,499698.03
2021-07-06,10.49,11.34,11.34,10.38,1233245.79
2021-07-07,11.35,11.18,11.59,10.93,1194710.39
2021-07-08,11.69,11.1,11.69,11.02,972859.04
2021-07-09,10.74,11.01,11.29,10.58,781010.94
2021-07-12,11.11,11.08,11.24,10.83,628083.71
2021-07-13,11.17,12.19,12.19,11.01,986592.09
2021-07-14,13.36,13.05,13.41,12.69,2733389.86
2021-07-15,12.39,12.15,12.57,11.8,1813235.99
2021-07-16,12.15,11.81,12.47,11.61,1580270.36
2021-07-19,11.45,11.11,11.56,11.01,1152140.61
2021-07-20,10.57,11.04,11.38,10.57,865978.49
2021-07-21,10.87,11.29,11.35,10.83,888929.27
2021-07-22,11.29,11.51,11.95,11.1,1206122.1
2021-07-23,11.34,10.79,11.41,10.74,1066968.81
2021-07-26,10.71,10.87,11.08,10.58,662110.27
2021-07-27,10.76,10.4,10.93,10.16,794402.07
2021-07-28,10.27,9.48,10.27,9.37,797484.02
2021-07-29,9.57,9.73,9.84,9.53,584967.3
2021-07-30,9.79,9.86,10.1,9.79,631960.73
2021-08-02,9.94,10.06,10.29,9.56,653351.86
2021-08-03,9.87,9.6,10.05,9.58,624924.84
2021-08-04,9.65,9.81,9.85,9.56,451847.25
2021-08-05,9.76,9.62,9.94,9.56,449065.08
2021-08-06,9.52,9.43,9.6,9.29,442499.55
2021-08-09,9.43,9.46,9.61,9.41,364376.7
2021-08-10,9.58,9.47,9.58,9.39,343834.95
2021-08-11,9.47,9.98,10.25,9.39,879527.5
2021-08-12,9.82,9.68,9.82,9.61,523816.26
2021-08-13,9.68,9.58,9.74,9.5,344464.66
2021-08-16,9.53,9.7,9.86,9.46,392343.33
2021-08-17,9.66,9.43,9.76,9.41,360141.11
2021-08-18,9.32,8.98,9.33,8.78,468680.52
2021-08-19,8.99,8.69,9.0,8.5,476550.29
2021-08-20,8.65,8.41,8.65,8.32,383556.09
2021-08-23,8.41,8.59,8.66,8.41,317908.48
2021-08-24,8.6,8.63,8.72,8.51,350004.47
2021-08-25,8.57,8.68,8.71,8.44,343905.66
2021-08-26,8.66,8.43,8.66,8.43,350241.79
2021-08-27,8.42,8.2,8.52,8.15,402085.18
2021-08-30,8.11,8.01,8.28,7.96,438589.85
2021-08-31,7.98,7.82,8.04,7.65,524906.99
2021-09-01,7.81,7.95,8.29,7.81,582140.77
2021-09-02,7.88,8.34,8.37,7.67,770722.66
2021-09-03,8.33,8.39,8.66,8.18,882544.21
2021-09-06,8.43,8.39,8.66,8.19,601536.25
2021-09-07,8.35,8.33,8.43,8.2,392466.01
2021-09-08,8.37,9.16,9.16,8.37,647932.07
2021-09-09,9.32,9.18,9.55,8.84,1306140.08
2021-09-10,8.95,8.95,9.28,8.88,635821.16
2021-09-13,8.9,8.98,9.05,8.81,481974.81
2021-09-14,9.03,8.87,9.31,8.83,588365.1
2021-09-15,8.81,8.9,8.98,8.59,447085.51
2021-09-16,8.83,8.4,8.86,8.39,488437.65
2021-09-17,8.35,8.58,8.78,8.3,421627.61
2021-09-22,8.49,9.14,9.23,8.4,813710.08
2021-09-23,9.22,8.88,9.3,8.8,718597.92
2021-09-24,8.84,9.16,9.27,8.75,865672.86
2021-09-27,9.37,9.44,9.61,8.99,1021581.63
2021-09-28,9.22,9.93,10.15,9.16,1296683.84
2021-09-29,9.71,9.2,9.85,9.16,879640.35
2021-09-30,9.29,9.33,9.51,9.02,625033.65
2021-10-08,9.46,8.89,9.5,8.79,541509.84
2021-10-11,8.99,8.51,9.12,8.36,469102.4
2021-10-12,8.43,8.55,8.71,8.3,338312.08
2021-10-13,8.55,8.02,8.55,7.9,412528.19
2021-10-14,7.78,8.04,8.11,7.66,323686.58
2021-10-15,7.92,7.89,8.02,7.8,242853.64
2021-10-18,7.91,8.07,8.18,7.91,262493.56
2021-10-19,8.08,8.11,8.2,7.98,242212.95
2021-10-20,8.16,8.24,8.36,8.04,346108.34
2021-10-21,8.24,7.97,8.25,7.92,295977.39
2021-10-22,7.98,7.82,8.0,7.8,227950.66
2021-10-25,7.94,7.91,8.04,7.84,194598.16
2021-10-26,7.85,7.88,8.0,7.82,201687.6
2021-10-27,7.82,7.87,7.99,7.76,244033.41
2021-10-28,8.01,8.16,8.57,7.9,498651.88
2021-10-29,7.81,7.87,7.94,7.71,350004.34
2021-11-01,7.8,7.73,7.83,7.62,252752.24
2021-11-02,7.73,7.26,7.75,7.23,385472.88
2021-11-03,7.27,7.21,7.36,7.13,202120.34
2021-11-04,7.21,7.26,7.34,7.18,185402.24
2021-11-05,7.23,6.89,7.23,6.86,328496.38
2021-11-08,6.84,6.9,6.94,6.78,156190.05
2021-11-09,7.38,7.59,7.59,7.38,664765.97
2021-11-10,7.38,7.7,8.08,7.22,833390.71
2021-11-11,7.5,7.39,7.5,7.35,402244.07
2021-11-12,7.28,7.3,7.41,7.24,230498.5
2021-11-15,7.27,7.35,7.36,7.12,210410.24
2021-11-16,7.31,7.13,7.32,7.12,196147.42
2021-11-17,7.12,7.16,7.24,7.08,127877.75
2021-11-18,7.18,7.14,7.24,7.12,144828.01
2021-11-19,7.14,7.19,7.19,6.99,189141.62
2021-11-22,7.22,7.21,7.26,7.16,141069.75
2021-11-23,7.2,7.21,7.25,7.16,134753.7
2021-11-24,7.24,7.32,7.45,7.11,289777.55
2021-11-25,7.33,7.35,7.53,7.33,279206.63
2021-11-26,7.28,7.19,7.34,7.15,161671.6
2021-11-29,7.08,7.2,7.31,7.0,158007.25
2021-11-30,7.18,7.14,7.28,7.11,143692.0
2021-12-01,7.1,7.27,7.27,7.08,190878.95
2021-12-02,7.25,7.17,7.34,7.15,161675.55
2021-12-03,7.17,7.37,7.42,7.12,366722.12
2021-12-06,7.38,7.31,7.51,7.29,298798.8
2021-12-07,7.33,7.61,8.0,7.17,534482.92
2021-12-08,7.61,7.57,7.66,7.5,317764.65
2021-12-09,7.52,7.54,7.65,7.49,245214.0
2021-12-10,7.47,7.48,7.63,7.43,198510.11
2021-12-13,7.56,7.57,7.7,7.54,277934.46
2021-12-14,7.59,7.64,7.65,7.44,257737.94
2021-12-15,7.6,7.87,7.98,7.54,579284.75
2021-12-16,7.87,7.85,8.0,7.82,363898.08
2021-12-17,7.85,8.02,8.29,7.77,623030.34
2021-12-20,7.95,7.64,8.02,7.58,409195.64
2021-12-21,7.58,7.62,7.74,7.51,256800.5
2021-12-22,7.67,7.43,7.87,7.39,438364.1
2021-12-23,7.39,7.58,7.7,7.26,420469.26
2021-12-24,7.56,7.39,7.8,7.39,362107.4
2021-12-27,7.37,7.33,7.52,7.28,245114.23
2021-12-28,7.32,7.18,7.33,7.05,257522.97
2021-12-29,7.18,7.11,7.19,7.06,179002.37
2021-12-30,7.08,7.11,7.21,7.05,156526.03
2021-12-31,7.14,7.15,7.3,7.13,195048.24
2022-01-04,7.16,7.2,7.24,7.12,153423.15
2022-01-05,7.2,7.02,7.2,6.99,219096.04
2022-01-06,7.04,7.16,7.3,6.99,197744.67
2022-01-07,7.12,7.01,7.15,7.0,170048.86
2022-01-10,6.99,6.91,6.99,6.84,151722.49
2022-01-11,6.91,6.93,7.0,6.9,106249.18
2022-01-12,6.98,6.96,6.99,6.93,97763.0
2022-01-13,6.93,6.91,6.99,6.9,109063.52
2022-01-14,6.91,6.76,6.91,6.75,166037.91
2022-01-17,6.77,6.66,6.79,6.63,152390.46
2022-01-18,6.67,6.72,6.78,6.64,148896.79
2022-01-19,6.67,6.58,6.72,6.52,144876.07
2022-01-20,6.63,6.77,6.82,6.59,232265.82
2022-01-21,6.73,6.59,6.75,6.58,147479.5
2022-01-24,6.48,6.2,6.48,6.05,212996.92
2022-01-25,6.15,5.88,6.15,5.86,189508.83
2022-01-26,5.93,5.91,6.03,5.86,107596.38
2022-01-27,5.92,5.71,5.94,5.71,145538.17
2022-01-28,5.79,5.92,6.06,5.73,191173.3
2022-02-07,6.0,6.04,6.08,5.96,121694.0
2022-02-08,6.03,6.16,6.17,5.98,136500.23
2022-02-09,6.14,6.26,6.27,6.1,132151.15
2022-02-10,6.24,6.3,6.33,6.22,124798.0
2022-02-11,6.25,6.19,6.3,6.19,93636.79
2022-02-14,6.16,6.16,6.23,6.11,85321.57
2022-02-15,6.16,6.17,6.2,6.1,83010.0
2022-02-16,6.19,6.28,6.28,6.18,97354.11
2022-02-17,6.24,6.25,6.33,6.21,99498.83
2022-02-18,6.21,6.27,6.28,6.16,76343.01
2022-02-21,6.3,6.33,6.37,6.23,111641.6
2022-02-22,6.28,6.22,6.32,6.19,100054.36
2022-02-23,6.2,6.23,6.27,6.18,84758.14
2022-02-24,6.22,6.03,6.42,5.95,257810.51
2022-02-25,6.03,6.26,6.29,6.03,238614.24
2022-02-28,6.32,6.25,6.32,6.15,136974.34
2022-03-01,6.33,6.22,6.35,6.19,104715.96
2022-03-02,6.2,6.26,6.27,6.16,107995.96
2022-03-03,6.31,6.31,6.39,6.27,176480.83
2022-03-04,6.35,6.19,6.35,6.18,137460.95
2022-03-07,6.18,6.14,6.24,6.1,125984.32
2022-03-08,6.14,5.85,6.17,5.8,157560.92
2022-03-09,5.87,5.89,5.96,5.55,177363.69
2022-03-10,5.97,6.0,6.11,5.86,161866.29
2022-03-11,5.9,5.95,5.99,5.8,117909.71
2022-03-14,5.87,5.75,5.94,5.74,114411.0
2022-03-15,5.79,5.33,5.82,5.31,203314.74
2022-03-16,5.43,5.55,5.59,5.19,213030.33
2022-03-17,5.66,5.53,5.68,5.51,129494.92
2022-03-18,5.52,6.09,6.09,5.48,562269.94
2022-03-21,6.02,6.21,6.42,5.93,788135.75
2022-03-22,6.1,6.01,6.11,5.96,355460.46
2022-03-23,6.03,5.99,6.12,5.98,225587.04
2022-03-24,5.89,5.82,5.97,5.8,214869.09
2022-03-25,5.83,5.61,5.85,5.6,248838.94
2022-03-28,5.56,5.63,5.7,5.47,206998.32
2022-03-29,5.66,5.5,5.69,5.48,143436.0
2022-03-30,5.6,5.52,5.67,5.49,203944.23
2022-03-31,5.52,5.54,5.65,5.44,194720.91
2022-04-01,5.48,5.63,5.72,5.41,268998.75
2022-04-06,5.56,5.7,5.75,5.56,185135.39
2022-04-07,5.66,5.69,5.81,5.63,294799.07
2022-04-08,5.64,5.54,5.68,5.5,165209.91
2022-04-11,5.5,5.38,5.66,5.35,120962.1
2022-04-12,5.37,5.4,5.41,5.26,102799.0
2022-04-13,5.39,5.27,5.39,5.24,109340.1
2022-04-14,5.27,5.29,5.33,5.26,93774.0
2022-04-15,5.26,5.41,5.81,5.2,390830.98
2022-04-18,5.27,5.44,5.56,5.23,227805.1
2022-04-19,5.34,5.34,5.48,5.33,144826.0
2022-04-20,5.34,5.27,5.41,5.27,121276.34
2022-04-21,5.23,4.95,5.26,4.92,187020.55
2022-04-22,4.89,5.02,5.16,4.79,176672.67
2022-04-25,4.93,4.59,5.06,4.59,185447.12
2022-04-26,4.61,4.33,4.71,4.29,179975.67
2022-04-27,4.29,4.53,4.54,4.15,240888.95
2022-04-28,4.5,4.48,4.68,4.44,198317.53
2022-04-29,4.53,4.65,4.67,4.48,194072.66
2022-05-05,4.64,4.87,5.01,4.62,304295.29
2022-05-06,4.73,4.7,4.77,4.66,156433.02
2022-05-09,4.63,4.72,4.86,4.61,130194.57
2022-05-10,4.67,4.86,4.91,4.64,189733.78
2022-05-11,4.86,4.99,5.11,4.86,282297.51
2022-05-12,5.26,5.48,5.48,5.26,942627.78
2022-05-13,5.29,5.23,5.64,5.22,820282.77
2022-05-16,5.2,5.08,5.2,5.02,439851.27
2022-05-17,5.07,5.0,5.12,4.97,273549.88
2022-05-18,4.98,5.06,5.14,4.93,278661.27
2022-05-19,4.99,5.14,5.15,4.95,248533.02
2022-05-20,5.17,5.15,5.25,5.08,219381.37
2022-05-23,5.13,5.1,5.17,5.09,141379.0
2022-05-24,5.1,4.92,5.2,4.91,237020.0
2022-05-25,4.93,5.21,5.23,4.9,362185.84
2022-05-26,5.21,5.21,5.28,5.15,203346.48
2022-05-27,5.17,5.14,5.23,5.06,153992.01
2022-05-30,5.23,5.32,5.34,5.06,317209.77
2022-05-31,5.33,5.43,5.56,5.21,573879.94
2022-06-01,5.37,5.67,5.95,5.33,637944.03
2022-06-02,5.58,5.65,5.76,5.52,462438.43
2022-06-06,5.61,5.62,5.67,5.56,340391.45
2022-06-07,5.63,5.71,5.81,5.51,434717.77
2022-06-08,6.24,6.28,6.28,6.1,903251.29
2022-06-09,6.38,6.53,6.91,6.37,1758602.72
2022-06-10,6.09,6.65,6.98,6.09,1317877.46
2022-06-13,6.42,6.35,6.52,6.27,767383.98
2022-06-14,6.22,6.45,6.59,6.11,773925.44
2022-06-15,6.36,6.19,6.43,6.17,645698.24
2022-06-16,6.25,6.16,6.34,6.12,375571.7
2022-06-17,6.26,6.37,6.64,6.24,645553.85
2022-06-20,6.34,6.45,6.57,6.21,603810.58
2022-06-21,6.52,6.29,6.59,6.24,455046.68
2022-06-22,6.3,6.05,6.38,6.03,436187.19
2022-06-23,6.06,6.09,6.11,5.95,356686.03
2022-06-24,6.05,6.01,6.13,5.98,300983.43
2022-06-27,6.01,5.96,6.06,5.91,371080.76
2022-06-28,5.99,5.98,6.05,5.94,328193.41
2022-06-29,5.99,5.83,6.0,5.82,352170.65
2022-06-30,5.84,5.89,5.98,5.82,264339.83
2022-07-01,5.87,6.02,6.1,5.87,403827.0
2022-07-04,6.05,6.09,6.15,5.95,379385.11
2022-07-05,6.13,6.25,6.27,6.05,545456.79
2022-07-06,6.19,6.11,6.37,6.06,407071.31
2022-07-07,5.9,6.01,6.15,5.9,380162.66
2022-07-08,6.02,6.18,6.29,5.98,414502.79
2022-07-11,6.19,6.33,6.38,6.16,575234.89
2022-07-12,6.34,6.05,6.38,6.04,469587.42
2022-07-13,5.96,6.19,6.19,5.9,327730.47
2022-07-14,6.15,5.99,6.16,5.98,281146.0
2022-07-15,5.93,5.79,6.0,5.79,301102.65
2022-07-18,5.79,6.18,6.19,5.79,505880.12
2022-07-19,6.2,5.97,6.22,5.92,387224.76
2022-07-20,5.98,5.91,5.98,5.88,237638.78
2022-07-21,5.85,5.66,5.86,5.64,665586.74
2022-07-22,5.71,5.56,5.77,5.5,349804.86
2022-07-25,5.55,5.39,5.55,5.37,273818.87
2022-07-26,5.39,5.43,5.44,5.32,272956.1
2022-07-27,5.42,5.39,5.43,5.36,191374.77
2022-07-28,5.39,5.38,5.43,5.36,228910.0
2022-07-29,5.37,5.39,5.48,5.37,245327.0
2022-08-01,5.38,5.28,5.38,5.25,208940.42
2022-08-02,5.22,4.99,5.23,4.96,313869.03
2022-08-03,4.95,4.94,5.09,4.91,197932.25
2022-08-04,4.96,5.01,5.02,4.93,160244.83
2022-08-05,5.01,5.08,5.09,4.96,157653.15
2022-08-08,5.07,5.16,5.16,5.02,167120.87
2022-08-09,5.15,5.11,5.17,5.09,104525.23
2022-08-10,5.11,5.08,5.12,5.05,100612.62
2022-08-11,5.12,5.17,5.18,5.1,158432.82
2022-08-12,5.16,5.21,5.26,5.14,166696.63
2022-08-15,5.24,5.28,5.3,5.17,247047.11
2022-08-16,5.32,5.47,5.48,5.3,471380.82
2022-08-17,5.45,5.44,5.57,5.39,396185.02
2022-08-18,5.46,5.33,5.48,5.31,304053.86
2022-08-19,5.3,5.54,5.64,5.27,602864.34
2022-08-22,5.54,5.44,5.63,5.41,399592.68
2022-08-23,5.37,5.55,5.56,5.36,419749.41
2022-08-24,5.55,5.32,5.55,5.3,364263.92
2022-08-25,5.39,5.35,5.43,5.22,216655.77
2022-08-26,5.34,5.34,5.44,5.29,208206.77
2022-08-29,5.24,5.37,5.39,5.2,196342.35
2022-08-30,5.39,5.27,5.42,5.22,207905.5
2022-08-31,5.25,5.09,5.3,5.05,201631.58
2022-09-01,5.07,5.01,5.15,5.01,136532.15
2022-09-02,5.03,5.07,5.17,5.02,135954.49
2022-09-05,5.07,5.14,5.15,5.05,117737.71
2022-09-06,5.17,5.24,5.24,5.09,156611.71
2022-09-07,5.2,5.33,5.34,5.17,215723.57
2022-09-08,5.33,5.34,5.49,5.28,311860.93
2022-09-09,5.3,5.28,5.39,5.26,146207.08
2022-09-13,5.26,5.17,5.31,5.15,190266.78
2022-09-14,5.07,5.07,5.13,5.04,131571.0
2022-09-15,5.1,4.95,5.11,4.92,173155.0
2022-09-16,4.93,4.74,4.94,4.73,185411.98
2022-09-19,4.74,4.62,4.76,4.59,128433.78
2022-09-20,4.64,4.68,4.72,4.64,88322.96
2022-09-21,4.74,4.82,4.83,4.63,175232.93
2022-09-22,4.76,4.75,4.84,4.74,116944.25
2022-09-23,4.74,4.64,4.78,4.63,114446.0
2022-09-26,4.63,4.47,4.63,4.45,125375.73
2022-09-27,4.47,4.53,4.58,4.43,117323.61
2022-09-28,4.53,4.38,4.55,4.38,112135.84
2022-09-29,4.43,4.33,4.46,4.3,112186.34
2022-09-30,4.29,4.33,4.38,4.28,90263.73
2022-10-10,4.36,4.22,4.41,4.21,99010.43
2022-10-11,4.22,4.38,4.38,4.18,170580.24
2022-10-12,4.34,4.5,4.51,4.32,175807.35
2022-10-13,4.46,4.59,4.64,4.44,211759.31
2022-10-14,4.59,4.6,4.64,4.57,150926.84
2022-10-17,4.6,4.58,4.61,4.51,146686.72
2022-10-18,4.59,4.55,4.63,4.54,115200.65
2022-10-19,4.58,4.47,4.58,4.47,108565.94
2022-10-20,4.5,4.42,4.5,4.39,132417.23
2022-10-21,4.44,4.49,4.54,4.43,129489.48
2022-10-24,4.47,4.34,4.53,4.32,135838.45
2022-10-25,4.34,4.33,4.38,4.24,118630.3
2022-10-26,4.33,4.44,4.46,4.3,171957.53
2022-10-27,4.49,4.59,4.61,4.49,342882.06
2022-10-28,4.56,4.43,4.59,4.4,209656.15
2022-10-31,4.38,4.3,4.43,4.28,169548.66
2022-11-01,4.28,4.4,4.41,4.28,144638.28
2022-11-02,4.41,4.49,4.51,4.38,151465.57
2022-11-03,4.45,4.47,4.57,4.43,140930.19
2022-11-04,4.49,4.59,4.64,4.48,225494.63
2022-11-07,4.59,4.61,4.65,4.56,146712.08
2022-11-08,4.62,4.63,4.64,4.58,129369.89
2022-11-09,4.64,4.65,4.68,4.59,149788.95
2022-11-10,4.61,4.59,4.65,4.59,116128.82
2022-11-11,4.67,4.61,4.72,4.6,169719.79
2022-11-14,4.61,4.61,4.66,4.6,142162.0
2022-11-15,4.62,4.68,4.69,4.59,166073.58
2022-11-16,4.7,4.75,4.92,4.7,417942.16
2022-11-17,4.72,4.67,4.75,4.64,218674.0
2022-11-18,4.66,4.63,4.7,4.63,164181.09
2022-11-21,4.6,4.65,4.67,4.59,132039.67
2022-11-22,4.65,4.61,4.68,4.59,160447.93
2022-11-23,4.61,4.91,4.91,4.6,549968.49
2022-11-24,4.85,4.77,4.86,4.75,487340.47
2022-11-25,4.74,4.76,4.83,4.71,274225.78
2022-11-28,4.76,5.03,5.03,4.72,763721.85
2022-11-29,4.95,5.08,5.13,4.9,680561.56
2022-11-30,5.02,4.97,5.07,4.93,483658.92
2022-12-01,4.96,4.94,5.02,4.92,321298.31
2022-12-02,4.95,4.97,4.98,4.89,261391.43
2022-12-05,4.99,4.98,4.99,4.92,294782.64
2022-12-06,4.96,4.91,4.98,4.9,243145.42
2022-12-07,4.88,4.91,4.92,4.82,233826.41
2022-12-08,4.89,4.83,4.89,4.82,181741.98
2022-12-09,4.8,4.79,4.85,4.78,169817.51
2022-12-12,4.79,4.78,4.81,4.74,168865.05
2022-12-13,4.75,4.74,4.81,4.74,118281.41
2022-12-14,4.74,4.66,4.75,4.64,184722.54
2022-12-15,4.68,4.73,4.73,4.64,136669.61
2022-12-16,4.72,4.68,4.77,4.65,158613.84
2022-12-19,4.64,4.51,4.69,4.48,181107.36
2022-12-20,4.54,4.56,4.58,4.45,138802.0
2022-12-21,4.58,4.47,4.59,4.45,125633.78
2022-12-22,4.49,4.38,4.49,4.37,132412.66
2022-12-23,4.39,4.41,4.42,4.33,86532.0
2022-12-26,4.41,4.47,4.48,4.39,96175.03
2022-12-27,4.46,4.46,4.49,4.45,79967.47
2022-12-28,4.46,4.54,4.6,4.44,226593.68
2022-12-29,4.49,4.44,4.5,4.39,143103.51
2022-12-30,4.45,4.52,4.54,4.43,117301.89
2023-01-03,4.52,4.65,4.68,4.51,223498.85
2023-01-04,4.66,4.83,4.91,4.63,447377.46
2023-01-05,4.83,4.84,4.91,4.74,398956.92
2023-01-06,4.84,4.79,4.89,4.77,280408.23
2023-01-09,4.81,4.73,4.84,4.72,194755.98
2023-01-10,4.73,4.68,4.75,4.66,134707.2
2023-01-11,4.71,4.62,4.71,4.61,119866.0
2023-01-12,4.63,4.61,4.7,4.59,157962.0
2023-01-13,4.63,4.61,4.64,4.59,97658.0
2023-01-16,4.61,4.68,4.69,4.6,152967.36
2023-01-17,4.7,4.61,4.7,4.6,109431.0
2023-01-18,4.63,4.62,4.65,4.6,81778.8
2023-01-19,4.6,4.62,4.64,4.6,88280.92
2023-01-20,4.65,4.68,4.72,4.65,176711.59
2023-01-30,4.77,4.73,4.78,4.71,197559.24
2023-01-31,4.72,4.84,4.84,4.7,250998.83
2023-02-01,4.85,4.84,4.86,4.8,203952.77
2023-02-02,4.86,4.83,4.88,4.82,162471.21
2023-02-03,4.84,4.83,4.85,4.76,165811.13
2023-02-06,4.79,4.89,4.96,4.79,269266.1
2023-02-07,4.9,4.94,4.96,4.88,230993.62
2023-02-08,4.94,4.96,5.01,4.93,328262.73
2023-02-09,4.94,4.96,4.96,4.91,190165.04
2023-02-10,4.96,4.99,5.01,4.92,230369.03
2023-02-13,5.01,4.95,5.04,4.94,238119.32
2023-02-14,4.95,5.02,5.11,4.94,326061.21
2023-02-15,5.0,5.01,5.03,4.98,147414.9
2023-02-16,5.01,4.88,5.01,4.85,251138.89
2023-02-17,4.87,4.89,5.02,4.87,201892.76
2023-02-20,4.9,4.94,4.94,4.84,163633.48
2023-02-21,4.94,4.97,4.99,4.91,146046.25
2023-02-22,4.94,4.92,4.98,4.91,108197.75
2023-02-23,4.93,4.91,4.95,4.88,100571.09
2023-02-24,4.91,4.9,4.92,4.84,126996.07
2023-02-27,4.9,4.84,4.9,4.83,129587.56
2023-02-28,4.82,4.87,4.88,4.82,98893.0
2023-03-01,4.88,4.91,4.91,4.87,116306.22
2023-03-02,4.92,4.89,4.94,4.89,101200.0
2023-03-03,4.9,4.96,4.96,4.88,158833.04
2023-03-06,4.97,5.0,5.01,4.94,181525.6
2023-03-07,5.02,4.97,5.07,4.96,258018.55
2023-03-08,4.97,4.91,4.98,4.86,151389.67
2023-03-09,4.94,4.87,4.94,4.87,106552.0
2023-03-10,4.86,4.78,4.87,4.76,151976.0
2023-03-13,4.78,4.75,4.81,4.72,122205.95
2023-03-14,4.74,4.78,4.83,4.71,153475.13
2023-03-15,4.8,4.88,4.9,4.76,160965.9
2023-03-16,4.89,4.82,4.9,4.8,137267.0
2023-03-17,4.85,4.83,4.89,4.79,126365.51
2023-03-20,4.81,4.7,4.84,4.69,185591.23
2023-03-21,4.69,4.75,4.75,4.69,92980.68
2023-03-22,4.77,4.73,4.77,4.71,85481.47
2023-03-23,4.73,4.69,4.74,4.66,130645.87
2023-03-24,4.69,4.65,4.7,4.64,136096.0
2023-03-27,4.63,4.59,4.66,4.58,141471.0
2023-03-28,4.61,4.56,4.61,4.55,121519.49
2023-03-29,4.56,4.52,4.58,4.51,126875.32
2023-03-30,4.54,4.56,4.57,4.5,117120.02
2023-03-31,4.54,4.59,4.6,4.54,110341.11
2023-04-03,4.59,4.6,4.61,4.58,91032.82
2023-04-04,4.6,4.59,4.61,4.57,106274.09
2023-04-06,4.57,4.54,4.57,4.53,101986.0
2023-04-07,4.55,4.57,4.57,4.54,86922.0
2023-04-10,4.57,4.64,4.66,4.55,190460.0
2023-04-11,4.65,4.62,4.65,4.59,102286.17
2023-04-12,4.63,4.62,4.65,4.6,88418.34
2023-04-13,4.64,4.64,4.74,4.62,139124.19
2023-04-14,4.64,4.69,4.7,4.61,190928.58
2023-04-17,4.83,4.92,5.02,4.83,649371.84
2023-04-18,4.88,4.95,5.0,4.88,519527.18
2023-04-19,4.96,4.98,5.07,4.92,475925.0
2023-04-20,4.97,4.94,4.98,4.87,286854.69
2023-04-21,4.91,4.85,4.95,4.85,214743.94
2023-04-24,4.86,4.91,4.94,4.8,232675.63
2023-04-25,4.92,4.89,4.99,4.8,277280.02
2023-04-26,4.89,5.1,5.11,4.88,702797.18
2023-04-27,5.22,5.37,5.37,5.03,1181318.36
2023-04-28,5.35,5.34,5.36,5.2,833007.85
2023-05-04,5.26,5.61,5.7,5.25,926949.15
2023-05-05,5.66,5.6,5.66,5.5,639806.79
2023-05-08,5.56,5.53,5.85,5.47,1056932.75
2023-05-09,5.45,5.42,5.59,5.39,793181.87
2023-05-10,5.46,5.47,5.61,5.44,547437.75
2023-05-11,5.45,5.55,5.7,5.4,527162.13
2023-05-12,5.53,5.68,5.78,5.5,685439.08
2023-05-15,5.77,5.67,5.89,5.51,1178738.13
2023-05-16,5.57,5.53,5.66,5.46,745418.98
2023-05-17,5.49,5.56,5.62,5.44,457824.46
2023-05-18,5.55,5.55,5.71,5.5,467585.4
2023-05-19,5.52,5.47,5.56,5.46,347598.63
2023-05-22,5.48,5.66,5.67,5.46,684252.61
2023-05-23,5.61,5.47,5.63,5.44,522175.6
2023-05-24,5.43,5.42,5.55,5.41,375850.57
2023-05-25,5.37,5.47,5.54,5.34,424710.36
2023-05-26,5.47,5.57,5.61,5.46,391582.68
2023-05-29,5.57,5.78,5.79,5.5,761004.28
2023-05-30,5.68,5.39,5.68,5.2,1344775.61
2023-05-31,5.36,5.44,5.56,5.32,746775.8
2023-06-01,5.42,5.35,5.54,5.32,544020.3
2023-06-02,5.39,5.33,5.46,5.32,380598.14
2023-06-05,5.33,5.35,5.39,5.28,283219.15
2023-06-06,5.33,5.16,5.33,5.15,311335.5
2023-06-07,5.17,5.18,5.22,5.15,155545.0
2023-06-08,5.18,5.18,5.21,5.13,158912.2
2023-06-09,5.17,5.39,5.4,5.16,359808.2
2023-06-12,5.39,5.29,5.52,5.28,328479.01
2023-06-13,5.27,5.25,5.32,5.23,181215.13
2023-06-14,5.26,5.2,5.28,5.18,190673.81
2023-06-15,5.19,5.31,5.33,5.19,237087.87
2023-06-16,5.31,5.28,5.34,5.26,182877.62
2023-06-19,5.25,5.28,5.31,5.2,209898.34
2023-06-20,5.26,5.23,5.28,5.2,151731.07
2023-06-21,5.22,5.26,5.35,5.18,274897.87
2023-06-26,5.25,5.65,5.65,5.22,1022257.46
2023-06-27,5.63,5.52,5.64,5.4,845398.69
2023-06-28,5.48,5.64,5.71,5.45,872006.77
2023-06-29,5.65,5.5,5.65,5.48,611166.96
2023-06-30,5.47,5.45,5.54,5.41,404999.29
2023-07-03,5.44,5.56,5.59,5.43,508910.97
2023-07-04,5.54,5.49,5.55,5.45,386180.7
2023-07-05,5.47,5.44,5.58,5.4,366580.7
2023-07-06,5.44,5.59,5.63,5.44,698621.38
2023-07-07,5.54,5.67,5.76,5.53,816084.82
2023-07-10,5.79,5.7,5.85,5.6,822025.57
2023-07-11,5.72,5.58,5.73,5.55,520142.09
2023-07-12,5.57,5.53,5.6,5.47,477326.4
2023-07-13,5.49,5.54,5.59,5.48,380065.28
2023-07-14,5.55,5.47,5.55,5.4,427095.75
2023-07-17,5.46,5.45,5.48,5.41,217580.63
2023-07-18,5.45,5.32,5.46,5.3,373210.88
2023-07-19,5.34,5.33,5.4,5.32,189849.35
2023-07-20,5.33,5.27,5.36,5.26,233613.46
2023-07-21,5.24,5.26,5.29,5.21,167429.35
2023-07-24,5.23,5.25,5.27,5.2,111017.0
2023-07-25,5.27,5.31,5.32,5.23,219240.14
2023-07-26,5.31,5.25,5.31,5.23,163907.13
2023-07-27,5.25,5.24,5.29,5.23,113118.12
2023-07-28,5.2,5.26,5.27,5.14,194567.63
2023-07-31,5.25,5.35,5.36,5.22,242566.81
2023-08-01,5.31,5.37,5.41,5.31,230448.59
2023-08-02,5.36,5.29,5.36,5.29,143628.8
2023-08-03,5.3,5.31,5.33,5.28,136190.86
2023-08-04,5.3,5.29,5.37,5.29,173796.18
2023-08-07,5.29,5.27,5.31,5.24,118781.7
2023-08-08,5.25,5.2,5.28,5.18,148658.0
2023-08-09,5.19,5.01,5.19,5.01,325599.75
2023-08-10,5.02,5.04,5.06,5.01,117937.56
2023-08-11,5.04,4.99,5.05,4.99,113174.0
2023-08-14,4.96,5.01,5.02,4.93,102259.66
2023-08-15,4.99,4.99,5.03,4.95,86711.03
2023-08-16,4.97,4.91,4.98,4.91,99396.55
2023-08-17,4.91,4.97,4.97,4.86,114335.94
2023-08-18,4.97,4.94,5.01,4.94,86047.0
2023-08-21,4.96,4.91,5.0,4.89,93180.82
2023-08-22,4.91,4.91,4.98,4.82,132953.07
2023-08-23,4.91,4.83,4.93,4.82,96027.8
2023-08-24,4.82,4.78,4.87,4.77,115756.85
2023-08-25,4.74,4.76,4.85,4.67,143441.6
2023-08-28,4.95,4.8,4.99,4.78,214345.97
2023-08-29,4.78,4.8,4.84,4.76,163325.0
2023-08-30,4.8,4.72,4.83,4.71,172284.66
2023-08-31,4.74,4.69,4.74,4.63,195396.3
2023-09-01,4.69,4.66,4.7,4.65,103627.77
2023-09-04,4.67,4.77,4.77,4.66,147374.02
2023-09-05,4.76,4.83,4.86,4.74,203088.03
2023-09-06,4.81,4.78,4.82,4.75,120119.55
2023-09-07,4.76,4.67,4.77,4.67,109672.82
2023-09-08,4.65,4.74,4.76,4.64,104476.25
2023-09-11,4.73,4.75,4.78,4.72,92836.07
2023-09-12,4.75,4.76,4.81,4.75,123862.67
2023-09-13,4.77,4.73,4.8,4.71,107910.0
2023-09-14,4.74,4.78,4.79,4.73,133070.75
2023-09-15,4.79,4.71,4.8,4.68,150197.01
2023-09-18,4.7,4.69,4.71,4.66,105828.31
2023-09-19,4.67,4.67,4.7,4.67,60024.48
2023-09-20,4.67,4.6,4.68,4.6,102435.8
2023-09-21,4.6,4.57,4.63,4.57,83576.42
2023-09-22,4.57,4.61,4.62,4.57,76526.0
2023-09-25,4.61,4.57,4.61,4.56,79511.74
2023-09-26,4.57,4.57,4.59,4.53,75793.29
2023-09-27,4.56,4.55,4.61,4.55,87021.6
2023-09-28,4.57,4.59,4.6,4.56,95529.06
2023-10-09,4.59,4.59,4.6,4.57,74586.46
2023-10-10,4.6,4.49,4.61,4.48,129009.0
2023-10-11,4.49,4.44,4.51,4.42,111905.38
2023-10-12,4.44,4.52,4.53,4.44,121890.0
2023-10-13,4.52,4.47,4.55,4.46,89679.09
2023-10-16,4.53,4.51,4.62,4.5,195277.38
2023-10-17,4.51,4.55,4.55,4.48,121561.0
2023-10-18,4.53,4.44,4.54,4.44,95663.1
2023-10-19,4.41,4.37,4.47,4.37,114798.73
2023-10-20,4.35,4.39,4.44,4.33,90761.2
2023-10-23,4.38,4.27,4.39,4.25,127105.47
2023-10-24,4.27,4.34,4.35,4.24,110938.0
2023-10-25,4.36,4.42,4.44,4.36,117383.7
2023-10-26,4.4,4.5,4.54,4.36,138278.16
2023-10-27,4.49,4.54,4.56,4.46,147213.82
2023-10-30,4.5,4.54,4.57,4.49,119901.72
2023-10-31,4.55,4.51,4.55,4.48,87319.8
2023-11-01,4.53,4.53,4.54,4.48,94974.23
2023-11-02,4.54,4.5,4.55,4.49,71654.11
2023-11-03,4.51,4.53,4.57,4.49,92541.0
2023-11-06,4.54,4.54,4.57,4.53,105274.12
2023-11-07,4.53,4.51,4.54,4.48,112806.0
2023-11-08,4.49,4.47,4.51,4.44,108794.24
2023-11-09,4.46,4.49,4.54,4.45,101929.0
2023-11-10,4.49,4.53,4.56,4.4,172504.0
2023-11-13,4.59,4.58,4.66,4.52,205145.0
2023-11-14,4.57,4.57,4.61,4.54,125323.01
2023-11-15,4.58,4.58,4.59,4.55,130667.71
2023-11-16,4.57,4.54,4.58,4.54,70211.66
2023-11-17,4.53,4.57,4.58,4.53,84320.71
2023-11-20,4.57,4.57,4.61,4.56,94055.0
2023-11-21,4.57,4.57,4.59,4.56,87891.28
2023-11-22,4.56,4.51,4.57,4.51,88196.58
2023-11-23,4.51,4.54,4.55,4.49,72629.2
2023-11-24,4.54,4.48,4.55,4.47,94747.0
2023-11-27,4.48,4.48,4.49,4.42,96208.16
2023-11-28,4.47,4.5,4.51,4.42,86407.5
2023-11-29,4.49,4.43,4.51,4.42,73125.0
2023-11-30,4.43,4.45,4.48,4.42,90120.0
2023-12-01,4.44,4.44,4.46,4.42,79522.0
2023-12-04,4.44,4.44,4.45,4.39,110762.55
2023-12-05,4.43,4.37,4.46,4.36,87133.0
2023-12-06,4.37,4.39,4.41,4.32,84507.27
2023-12-07,4.39,4.37,4.39,4.35,83091.0
2023-12-08,4.38,4.35,4.43,4.35,86446.32
2023-12-11,4.33,4.4,4.4,4.28,110086.0
2023-12-12,4.39,4.42,4.43,4.37,72233.0
2023-12-13,4.41,4.43,4.47,4.41,84929.86
2023-12-14,4.44,4.48,4.5,4.4,164858.87
2023-12-15,4.48,4.47,4.5,4.43,130413.0
2023-12-18,4.47,4.34,4.47,4.33,118812.81
2023-12-19,4.34,4.21,4.34,4.18,173234.0
2023-12-20,4.2,4.21,4.3,4.2,164639.0
2023-12-21,4.2,4.21,4.25,4.12,120868.1
2023-12-22,4.2,4.24,4.26,4.15,135422.8
2023-12-25,4.21,4.24,4.25,4.17,104918.36
2023-12-26,4.24,4.21,4.27,4.18,73461.92
2023-12-27,4.22,4.26,4.26,4.19,79162.56
2023-12-28,4.24,4.3,4.31,4.21,119275.27
2023-12-29,4.29,4.33,4.33,4.27,121484.0
2024-01-02,4.31,4.43,4.45,4.31,232150.31
2024-01-03,4.41,4.5,4.51,4.4,176369.0
2024-01-04,4.49,4.48,4.52,4.44,122193.99
2024-01-05,4.46,4.43,4.53,4.41,137667.36
2024-01-08,4.44,4.34,4.45,4.33,114383.0
2024-01-09,4.32,4.32,4.36,4.29,93112.94
2024-01-10,4.3,4.28,4.33,4.26,86690.91
2024-01-11,4.27,4.34,4.49,4.26,285141.94
2024-01-12,4.33,4.77,4.77,4.33,939938.82
2024-01-15,4.92,4.67,5.01,4.65,1286438.65
2024-01-16,4.67,4.61,4.72,4.55,734758.5
2024-01-17,4.6,4.42,4.61,4.42,510147.6
2024-01-18,4.38,4.32,4.41,4.19,517633.75
2024-01-19,4.28,4.24,4.31,4.22,320858.2
2024-01-22,4.2,4.01,4.22,3.95,365624.37
2024-01-23,4.04,4.05,4.08,3.93,206572.63
2024-01-24,4.05,4.13,4.15,3.97,262339.76
2024-01-25,4.12,4.35,4.35,4.12,367888.31
2024-01-26,4.32,4.47,4.5,4.29,470989.01
2024-01-29,4.45,4.37,4.49,4.35,298769.67
2024-01-30,4.33,4.35,4.48,4.33,256149.29
2024-01-31,4.33,4.25,4.46,4.23,314996.0
2024-02-01,4.18,4.11,4.24,4.06,251486.9
2024-02-02,4.13,3.96,4.2,3.84,298302.73
2024-02-05,3.99,3.63,3.99,3.62,370617.95
2024-02-06,3.59,3.98,3.99,3.53,394314.07
2024-02-07,3.96,4.05,4.15,3.92,362468.78
2024-02-08,4.07,4.18,4.22,4.07,298111.81
2024-02-19,4.21,4.19,4.26,4.15,231997.65
2024-02-20,4.19,4.15,4.19,4.11,217740.29
2024-02-21,4.13,4.18,4.28,4.11,256796.7
2024-02-22,4.21,4.23,4.24,4.15,169126.0
2024-02-23,4.23,4.24,4.27,4.17,222516.57
2024-02-26,4.23,4.21,4.25,4.18,203623.05
2024-02-27,4.18,4.24,4.24,4.17,191337.21
2024-02-28,4.24,4.21,4.39,4.2,380329.29
2024-02-29,4.22,4.29,4.29,4.19,224299.01
2024-03-01,4.29,4.28,4.32,4.25,162523.34
2024-03-04,4.3,4.31,4.31,4.23,156706.25
2024-03-05,4.29,4.28,4.35,4.26,179870.41
2024-03-06,4.28,4.37,4.39,4.27,274121.53
2024-03-07,4.36,4.42,4.48,4.33,342904.0
2024-03-08,4.43,4.44,4.5,4.37,265781.18
2024-03-11,4.48,4.56,4.64,4.48,417973.68
2024-03-12,4.55,4.45,4.56,4.44,315753.25
2024-03-13,4.46,4.43,4.47,4.4,177497.42
2024-03-14,4.44,4.42,4.45,4.36,190684.47
2024-03-15,4.41,4.47,4.49,4.39,160422.94
2024-03-18,4.46,4.53,4.57,4.46,249185.63
2024-03-19,4.52,4.46,4.56,4.45,188076.77
2024-03-20,4.46,4.46,4.49,4.42,150826.0
2024-03-21,4.47,4.45,4.49,4.42,146853.0
2024-03-22,4.46,4.35,4.46,4.33,206071.78
2024-03-25,4.35,4.33,4.41,4.33,138608.0
2024-03-26,4.32,4.36,4.38,4.27,144182.0
2024-03-27,4.37,4.26,4.4,4.25,145800.0
2024-03-28,4.28,4.3,4.34,4.23,138941.16
2024-03-29,4.31,4.4,4.4,4.3,148496.0
2024-04-01,4.4,4.46,4.46,4.4,176637.18
2024-04-02,4.46,4.48,4.5,4.44,201854.78
2024-04-03,4.48,4.5,4.5,4.42,174827.62
2024-04-08,4.5,4.74,4.75,4.49,689542.12
2024-04-09,4.74,4.64,4.75,4.57,593498.48
2024-04-10,4.69,4.7,4.89,4.62,744140.03
2024-04-11,4.66,4.79,4.83,4.6,607932.42
2024-04-12,4.74,4.66,4.79,4.64,428947.78
2024-04-15,4.6,4.67,4.72,4.53,410231.21
2024-04-16,4.63,4.46,4.71,4.46,445179.59
2024-04-17,4.47,4.58,4.58,4.47,326200.73
2024-04-18,4.56,4.49,4.58,4.48,303247.1
2024-04-19,4.46,4.38,4.52,4.36,303995.5
2024-04-22,4.4,4.32,4.41,4.3,243413.0
2024-04-23,4.3,4.24,4.34,4.22,209382.54
2024-04-24,4.24,4.38,4.42,4.24,254762.68
2024-04-25,4.36,4.38,4.38,4.32,167220.0
2024-04-26,4.34,4.38,4.38,4.2,361075.62
2024-04-29,4.35,4.6,4.66,4.33,470158.44
2024-04-30,4.59,4.61,4.65,4.57,296683.96
2024-05-06,4.65,4.77,4.78,4.62,389195.0
2024-05-07,4.77,4.71,4.78,4.7,251415.9
2024-05-08,4.73,4.76,4.9,4.72,597530.21
2024-05-09,4.76,4.74,4.8,4.72,355543.0
2024-05-10,4.72,4.94,4.97,4.71,700518.69
2024-05-13,4.99,5.15,5.36,4.89,1156346.01
2024-05-14,5.12,5.06,5.24,4.99,872732.75
2024-05-15,5.01,4.88,5.08,4.86,672151.35
2024-05-16,4.86,4.83,4.93,4.81,367240.14
2024-05-17,4.83,4.89,4.96,4.81,359493.0
2024-05-20,4.89,5.0,5.03,4.85,544977.72
2024-05-21,4.98,5.01,5.03,4.95,335257.97
2024-05-22,4.98,4.99,5.05,4.97,302641.47
2024-05-23,4.99,4.85,4.99,4.82,359517.4
2024-05-24,4.9,5.02,5.08,4.89,744507.0
2024-05-27,5.07,5.05,5.1,5.0,582479.71
2024-05-28,5.01,5.26,5.28,5.0,975572.39
2024-05-29,5.16,5.08,5.17,5.03,659612.12
2024-05-30,5.13,4.89,5.14,4.87,655118.54
2024-05-31,4.83,4.84,4.91,4.78,365743.19
2024-06-03,4.83,4.72,4.83,4.65,388093.28
2024-06-04,4.75,4.84,4.85,4.66,348350.57
2024-06-05,4.79,4.76,4.91,4.74,262138.47
2024-06-06,4.75,4.71,4.82,4.7,321766.08
2024-06-07,4.71,4.75,4.75,4.65,260556.47
2024-06-11,4.72,4.78,4.79,4.7,239972.02
2024-06-12,4.74,4.76,4.8,4.71,207673.02
2024-06-13,4.75,4.8,4.82,4.73,259775.42
2024-06-14,4.79,4.79,4.87,4.75,330380.02
2024-06-17,4.75,4.6,4.76,4.6,350919.0
2024-06-18,4.6,4.6,4.62,4.51,206723.02
2024-06-19,4.59,4.51,4.65,4.49,208553.0
2024-06-20,4.49,4.42,4.5,4.39,229969.0
2024-06-21,4.4,4.41,4.46,4.38,140098.09
2024-06-24,4.36,4.35,4.45,4.32,198778.8
2024-06-25,4.36,4.32,4.37,4.3,155884.54
2024-06-26,4.29,4.35,4.36,4.24,190170.55
2024-06-27,4.32,4.27,4.36,4.26,144333.97
2024-06-28,4.25,4.35,4.4,4.25,219486.0
2024-07-01,4.36,4.48,4.49,4.36,224484.67
2024-07-02,4.49,4.51,4.53,4.44,197640.97
2024-07-03,4.49,4.44,4.53,4.43,148964.97
2024-07-04,4.45,4.38,4.49,4.36,156178.0
2024-07-05,4.38,4.39,4.4,4.33,119289.0
2024-07-08,4.39,4.28,4.4,4.27,134704.74
2024-07-09,4.28,4.39,4.4,4.22,165235.25
2024-07-10,4.37,4.29,4.39,4.27,157830.0
2024-07-11,4.33,4.39,4.4,4.3,181417.0
2024-07-12,4.37,4.38,4.45,4.35,142889.52
2024-07-15,4.36,4.31,4.37,4.27,154614.0
2024-07-16,4.29,4.31,4.32,4.27,92660.0
2024-07-17,4.29,4.24,4.3,4.22,142455.0
2024-07-18,4.22,4.29,4.31,4.18,134423.1
2024-07-19,4.29,4.27,4.3,4.22,107599.0
2024-07-22,4.27,4.22,4.27,4.2,113767.0
2024-07-23,4.21,4.12,4.25,4.12,141099.0
2024-07-24,4.15,4.19,4.26,4.13,169967.0
2024-07-25,4.15,4.2,4.22,4.11,109148.0
2024-07-26,4.18,4.22,4.23,4.17,91870.0
2024-07-29,4.22,4.18,4.23,4.17,73552.0
2024-07-30,4.17,4.18,4.2,4.14,86306.0
2024-07-31,4.18,4.29,4.29,4.15,181614.99
2024-08-01,4.27,4.26,4.33,4.24,140399.02
2024-08-02,4.24,4.2,4.26,4.2,108965.51
2024-08-05,4.18,4.14,4.25,4.14,153187.51
2024-08-06,4.17,4.2,4.21,4.14,89867.51
2024-08-07,4.22,4.23,4.28,4.19,142465.0
2024-08-08,4.22,4.21,4.23,4.18,106837.34
2024-08-09,4.23,4.23,4.28,4.21,109813.9
2024-08-12,4.27,4.19,4.3,4.17,115329.69
2024-08-13,4.15,4.22,4.22,4.14,84170.34
2024-08-14,4.21,4.2,4.25,4.19,76119.0
2024-08-15,4.21,4.22,4.25,4.16,104424.0
2024-08-16,4.21,4.15,4.23,4.15,113812.0
2024-08-19,4.14,4.16,4.2,4.14,72642.0
2024-08-20,4.16,4.1,4.18,4.07,113716.0
2024-08-21,4.09,4.02,4.11,4.01,99488.02
2024-08-22,4.01,4.01,4.04,3.99,65610.1
2024-08-23,4.01,4.02,4.03,3.97,72466.0
2024-08-26,4.02,4.04,4.06,4.01,56107.51
2024-08-27,4.02,3.98,4.03,3.97,70025.0
2024-08-28,4.0,4.02,4.04,3.98,74616.16
2024-08-29,4.0,4.06,4.08,3.99,89537.56
2024-08-30,4.06,4.08,4.12,4.05,107291.0
2024-09-02,4.07,4.09,4.14,4.06,104402.0
2024-09-03,4.07,4.05,4.12,4.04,81863.0
2024-09-04,4.05,4.04,4.08,4.02,58927.0
2024-09-05,4.04,4.03,4.06,4.01,57818.9
2024-09-06,4.03,3.99,4.06,3.98,68378.9
2024-09-09,3.99,3.95,3.99,3.94,65857.0
2024-09-10,3.95,3.95,3.97,3.87,89879.0
2024-09-11,3.94,3.9,3.94,3.87,59986.63
2024-09-12,3.9,3.91,3.97,3.9,73421.64
2024-09-13,3.91,3.9,3.95,3.89,76099.13
2024-09-18,3.9,3.87,3.9,3.81,87094.99
2024-09-19,3.89,3.97,3.97,3.86,119413.42
2024-09-20,3.97,3.93,3.97,3.9,81242.0
2024-09-23,3.94,3.97,3.98,3.92,67301.0
2024-09-24,3.98,4.1,4.1,3.97,173143.68
2024-09-25,4.13,4.13,4.23,4.12,186135.79
2024-09-26,4.13,4.25,4.25,4.1,181765.25
2024-09-27,4.29,4.4,4.45,4.29,277023.02
2024-09-30,4.52,4.76,4.81,4.46,590611.84
2024-10-08,5.21,4.93,5.23,4.76,751763.0
2024-10-09,4.86,4.48,4.86,4.45,490337.7
2024-10-10,4.48,4.6,4.71,4.48,353436.9
2024-10-11,4.63,4.46,4.63,4.43,239067.99
2024-10-14,4.46,4.52,4.55,4.44,248211.67
2024-10-15,4.5,4.39,4.51,4.37,270793.0
2024-10-16,4.35,4.45,4.48,4.34,245232.99
2024-10-17,4.46,4.4,4.51,4.4,175132.0
2024-10-18,4.4,4.48,4.55,4.36,305976.93
2024-10-21,4.47,4.43,4.5,4.41,251185.94
2024-10-22,4.43,4.55,4.55,4.41,295042.8
2024-10-23,4.55,4.59,4.62,4.54,287248.0
2024-10-24,4.58,4.56,4.58,4.52,152602.0
2024-10-25,4.55,4.6,4.61,4.54,219246.22
2024-10-28,4.61,4.72,4.72,4.58,304145.0
2024-10-29,4.73,4.59,4.74,4.57,329004.99
2024-10-30,4.71,4.69,4.83,4.66,530796.1
2024-10-31,4.77,4.92,4.95,4.74,689813.72
2024-11-01,4.93,4.88,4.96,4.79,411257.06
2024-11-04,4.92,4.96,4.96,4.87,338282.2
2024-11-05,4.96,4.98,5.0,4.93,405886.89
2024-11-06,4.99,4.94,5.02,4.9,385811.33
2024-11-07,4.91,5.04,5.05,4.89,391497.2
2024-11-08,5.07,5.0,5.11,4.97,346516.02
2024-11-11,5.01,5.02,5.08,4.97,283690.25
2024-11-12,5.03,4.95,5.06,4.91,322534.81
2024-11-13,4.92,4.91,4.95,4.84,265256.0
2024-11-14,4.91,4.76,4.93,4.74,262524.8
2024-11-15,4.76,4.69,4.83,4.69,227618.0
2024-11-18,4.71,4.74,4.85,4.71,257103.0
2024-11-19,4.78,4.78,4.8,4.7,169095.76
2024-11-20,4.79,4.87,4.92,4.76,246553.62
2024-11-21,4.87,4.86,4.9,4.81,170605.51
2024-11-22,4.86,5.12,5.34,4.83,1576218.58
2024-11-25,5.01,4.83,5.05,4.76,1391318.65
2024-11-26,4.82,4.75,4.85,4.73,568775.04
2024-11-27,4.72,4.78,4.83,4.63,493810.6
2024-11-28,4.78,4.8,4.85,4.76,337233.02
2024-11-29,4.77,4.78,4.82,4.73,341422.01
2024-12-02,4.78,4.84,4.87,4.75,335332.29
2024-12-03,4.85,4.96,4.98,4.8,468930.11
2024-12-04,4.94,4.83,4.94,4.8,347620.09
2024-12-05,4.83,4.82,4.85,4.79,214501.24
2024-12-06,4.81,4.93,4.96,4.81,411776.34
2024-12-09,4.94,4.92,4.98,4.87,298089.0
2024-12-10,4.99,4.89,5.04,4.88,362816.37
2024-12-11,4.89,4.94,4.97,4.89,228741.41
2024-12-12,4.96,4.97,4.98,4.91,230882.96
2024-12-13,4.96,4.86,4.99,4.86,280916.16
2024-12-16,4.87,4.91,4.95,4.86,255052.72
2024-12-17,4.91,4.83,4.95,4.8,272663.01
2024-12-18,4.83,4.88,4.96,4.83,290689.6
2024-12-19,4.85,4.81,4.86,4.75,260195.99
2024-12-20,4.8,4.75,4.84,4.73,233549.83
2024-12-23,4.76,4.71,4.79,4.7,199836.65
2024-12-24,4.71,4.82,4.82,4.69,213746.34
2024-12-25,4.8,4.75,4.82,4.71,145759.5
2024-12-26,4.75,4.72,4.77,4.71,169307.14
2024-12-27,4.71,4.84,4.85,4.7,270324.87
2024-12-30,4.84,4.78,4.9,4.76,188895.0
2024-12-31,4.78,4.68,4.81,4.67,210660.0
2025-01-02,4.68,4.52,4.72,4.48,248872.55
2025-01-03,4.53,4.46,4.61,4.44,219248.5
2025-01-06,4.46,4.49,4.51,4.4,158648.46
2025-01-07,4.49,4.45,4.49,4.4,152523.02
2025-01-08,4.46,4.42,4.46,4.32,210086.0
2025-01-09,4.41,4.36,4.41,4.35,146768.02
2025-01-10,4.36,4.28,4.37,4.28,137083.27
2025-01-13,4.27,4.28,4.3,4.22,134770.0
2025-01-14,4.27,4.37,4.37,4.27,210292.9
2025-01-15,4.35,4.33,4.39,4.31,150194.26
2025-01-16,4.35,4.37,4.42,4.34,164213.0
2025-01-17,4.34,4.37,4.39,4.34,132271.0
2025-01-20,4.39,4.39,4.43,4.36,165733.0
2025-01-21,4.4,4.35,4.42,4.32,137139.37
2025-01-22,4.33,4.36,4.37,4.3,115782.37
2025-01-23,4.35,4.32,4.41,4.31,270781.0
2025-01-24,4.31,4.33,4.36,4.29,199702.64
2025-01-27,4.34,4.36,4.41,4.34,203409.46
2025-02-05,4.38,4.35,4.4,4.33,180959.89
2025-02-06,4.34,4.37,4.38,4.3,163750.62
2025-02-07,4.35,4.4,4.43,4.34,253613.02
2025-02-10,4.41,4.41,4.45,4.4,228225.0
2025-02-11,4.41,4.4,4.44,4.36,174502.17
2025-02-12,4.4,4.45,4.45,4.39,208104.07
2025-02-13,4.46,4.44,4.46,4.42,146978.37
2025-02-14,4.44,4.45,4.45,4.4,161383.2
2025-02-17,4.45,4.49,4.5,4.41,270310.0
2025-02-18,4.48,4.46,4.52,4.43,227673.96
2025-02-19,4.44,4.46,4.49,4.42,177087.0
2025-02-20,4.46,4.43,4.48,4.4,192359.62
2025-02-21,4.41,4.4,4.44,4.39,204506.62
2025-02-24,4.4,4.43,4.44,4.39,267843.72
2025-02-25,4.42,4.42,4.44,4.39,158059.09
2025-02-26,4.42,4.47,4.48,4.41,207162.36
2025-02-27,4.49,4.43,4.49,4.4,198513.0
2025-02-28,4.44,4.4,4.46,4.4,196735.74
2025-03-03,4.4,4.4,4.43,4.38,183541.89
2025-03-04,4.39,4.39,4.4,4.36,146073.55
2025-03-05,4.39,4.37,4.4,4.35,129236.1
2025-03-06,4.37,4.38,4.4,4.36,187387.16
2025-03-07,4.38,4.38,4.4,4.36,144610.24
2025-03-10,4.37,4.36,4.39,4.35,144510.21
2025-03-11,4.34,4.38,4.38,4.31,129719.52
2025-03-12,4.38,4.46,4.46,4.36,326971.18
2025-03-13,4.46,4.6,4.62,4.45,532860.76
2025-03-14,4.61,4.58,4.62,4.53,348190.24
2025-03-17,4.58,4.59,4.63,4.57,236389.2
2025-03-18,4.59,4.53,4.62,4.5,262497.86
2025-03-19,4.53,4.61,4.62,4.5,310408.41
2025-03-20,4.61,4.64,4.67,4.57,306385.66
2025-03-21,4.62,4.64,4.73,4.62,328968.93
2025-03-24,4.64,4.68,4.71,4.61,300114.0
2025-03-25,4.68,4.73,4.76,4.64,369166.29
2025-03-26,4.73,4.7,4.74,4.65,324083.1
2025-03-27,4.68,4.61,4.7,4.59,247853.0
2025-03-28,4.59,4.54,4.64,4.53,209494.74
2025-03-31,4.55,4.58,4.65,4.53,301998.26
2025-04-01,4.61,4.71,4.71,4.6,361152.98
2025-04-02,4.71,4.64,4.71,4.62,229789.52
2025-04-03,4.61,4.78,4.81,4.6,530999.86
2025-04-07,4.67,4.46,4.77,4.35,707639.99
2025-04-08,4.46,4.66,4.73,4.46,646482.57
2025-04-09,4.62,4.64,4.66,4.44,584453.01
2025-04-10,4.66,4.62,4.73,4.59,519142.0
2025-04-11,4.58,4.53,4.59,4.5,367976.0
2025-04-14,4.58,4.68,4.68,4.55,502534.5
2025-04-15,4.73,4.77,4.77,4.64,604447.57
2025-04-16,4.76,5.0,5.12,4.72,1279653.65
2025-04-17,4.94,4.95,5.08,4.83,860737.2
2025-04-18,4.91,4.83,4.94,4.79,544842.37
2025-04-21,4.85,4.88,4.96,4.83,498936.08
2025-04-22,4.86,4.83,4.98,4.79,530002.67
2025-04-23,4.82,4.76,4.82,4.75,419517.35
2025-04-24,4.77,5.03,5.11,4.77,1129783.54
2025-04-25,5.03,5.53,5.53,5.0,1502544.63
2025-04-28,5.62,5.85,6.07,5.47,2929508.54
2025-04-29,5.61,5.27,5.67,5.27,1518368.67
2025-04-30,5.32,4.95,5.38,4.94,1476174.69
2025-05-06,4.93,5.08,5.09,4.88,1176686.35
2025-05-07,5.09,5.01,5.1,4.96,917533.54
2025-05-08,4.99,5.04,5.14,4.95,880693.79
2025-05-09,4.99,5.0,5.08,4.97,707948.25
2025-05-12,5.03,5.06,5.09,4.99,743415.0
2025-05-13,5.07,4.97,5.08,4.9,796233.87
2025-05-14,4.93,4.93,4.95,4.83,624315.05
2025-05-15,4.92,5.15,5.26,4.89,1331063.83
2025-05-16,5.12,5.02,5.13,5.0,779488.26
2025-05-19,5.03,5.0,5.08,4.98,457664.26
2025-05-20,5.0,5.09,5.1,4.95,699620.07
2025-05-21,5.08,5.33,5.61,5.06,1946269.32
2025-05-22,5.27,5.13,5.36,5.12,1133548.66
2025-05-23,5.13,5.0,5.21,5.0,767208.67
2025-05-26,5.02,5.06,5.08,4.98,517388.36
2025-05-27,5.07,5.1,5.19,5.03,606357.01
2025-05-28,5.08,4.94,5.11,4.93,633332.8
2025-05-29,4.85,4.9,4.97,4.85,543135.0
2025-05-30,5.03,5.01,5.21,4.99,997968.66
2025-06-03,4.86,4.71,4.86,4.63,1334537.15
2025-06-04,4.67,4.7,4.71,4.62,643737.22
2025-06-05,4.73,4.68,4.76,4.66,475163.3
2025-06-06,4.69,4.7,4.73,4.66,465497.38
2025-06-09,4.72,4.72,4.74,4.68,434307.49
2025-06-10,4.74,4.67,4.75,4.63,502416.61
2025-06-11,4.67,4.66,4.7,4.62,437975.55
2025-06-12,4.64,4.59,4.65,4.57,441316.8
2025-06-13,4.58,4.55,4.63,4.54,393464.79
2025-06-16,4.52,4.51,4.53,4.47,362645.84
2025-06-17,4.49,4.51,4.53,4.45,278621.12
2025-06-18,4.49,4.48,4.52,4.46,242058.09
2025-06-19,4.48,4.4,4.48,4.39,339816.88
2025-06-20,4.39,4.4,4.41,4.38,187680.93
2025-06-23,4.38,4.41,4.42,4.35,231989.1
2025-06-24,4.41,4.48,4.48,4.4,293451.12
2025-06-25,4.48,4.49,4.5,4.46,255657.44
2025-06-26,4.48,4.46,4.51,4.45,263702.87
2025-06-27,4.45,4.45,4.49,4.44,256824.89
2025-06-30,4.45,4.43,4.47,4.42,325350.98
2025-07-01,4.43,4.56,4.57,4.41,776520.98
2025-07-02,4.54,4.52,4.55,4.49,395224.0
2025-07-03,4.51,4.56,4.59,4.48,431554.0
2025-07-04,4.54,4.62,4.68,4.53,792707.0
2025-07-07,4.79,4.77,4.84,4.66,1101239.38
2025-07-08,4.76,4.72,4.76,4.66,809371.41
2025-07-09,4.69,4.72,4.83,4.68,824698.88
2025-07-10,4.74,4.75,4.87,4.67,961065.0
2025-07-11,4.72,4.69,4.73,4.63,681127.0
2025-07-14,4.66,4.74,4.77,4.65,682338.02
2025-07-15,4.75,4.59,4.76,4.57,678073.67
2025-07-16,4.59,4.6,4.61,4.54,297074.31
2025-07-17,4.6,4.59,4.6,4.56,323223.78
2025-07-18,4.59,4.61,4.61,4.57,322333.85
2025-07-21,4.6,4.69,4.71,4.59,559867.64
2025-07-22,4.69,4.7,4.71,4.64,453559.83
2025-07-23,4.7,4.66,4.75,4.65,447034.0
2025-07-24,4.65,4.69,4.69,4.62,384444.02
2025-07-25,4.68,4.66,4.71,4.65,342850.96
2025-07-28,4.64,4.64,4.67,4.62,297706.66
2025-07-29,4.64,4.62,4.65,4.6,253600.0
2025-07-30,4.61,4.62,4.65,4.61,285620.58
2025-07-31,4.61,4.56,4.62,4.54,323450.0
2025-08-01,4.54,4.51,4.57,4.5,266689.0
2025-08-04,4.49,4.52,4.53,4.48,168619.93
2025-08-05,4.53,4.58,4.59,4.52,223811.3
2025-08-06,4.58,4.58,4.58,4.55,195615.02
2025-08-07,4.58,4.57,4.58,4.55,185014.61
2025-08-08,4.56,4.6,4.62,4.55,312132.0
2025-08-11,4.61,4.6,4.61,4.55,237222.11
2025-08-12,4.6,4.57,4.6,4.56,182013.0
2025-08-13,4.57,4.55,4.58,4.54,233781.0
2025-08-14,4.55,4.5,4.58,4.48,292989.22
2025-08-15,4.51,4.52,4.54,4.49,308031.62
2025-08-18,4.53,4.54,4.56,4.52,311951.0
2025-08-19,4.53,4.54,4.57,4.52,290489.56
2025-08-20,4.53,4.57,4.57,4.52,355939.14
2025-08-21,4.56,4.62,4.64,4.56,611497.42
2025-08-22,4.63,4.63,4.65,4.58,395384.37
2025-08-25,4.63,4.65,4.66,4.62,516865.57
2025-08-26,4.84,4.68,4.87,4.67,985529.99
2025-08-27,4.66,4.6,4.75,4.6,769970.8
2025-08-28,4.6,4.55,4.62,4.46,578189.88
2025-08-29,4.54,4.52,4.6,4.51,370751.29
2025-09-01,4.53,4.52,4.55,4.48,339191.0
2025-09-02,4.52,4.56,4.58,4.49,497504.0
2025-09-03,4.56,4.45,4.56,4.43,474371.76
2025-09-04,4.43,4.46,4.48,4.41,378109.4
2025-09-05,4.45,4.47,4.47,4.41,281723.55
2025-09-08,4.46,4.51,4.52,4.46,339179.98
2025-09-09,4.5,4.46,4.5,4.44,242246.11
2025-09-10,4.45,4.43,4.45,4.41,266004.1
2025-09-11,4.42,4.45,4.45,4.4,274603.24
2025-09-12,4.45,4.44,4.47,4.43,265386.81
2025-09-15,4.44,4.44,4.46,4.42,194259.0
2025-09-16,4.43,4.45,4.45,4.41,224552.63
2025-09-17,4.44,4.47,4.47,4.42,300755.65
2025-09-18,4.46,4.42,4.47,4.4,318574.97
2025-09-19,4.41,4.4,4.42,4.38,227045.0
2025-09-22,4.4,4.38,4.41,4.36,168366.0
2025-09-23,4.37,4.36,4.38,4.32,222243.6
2025-09-24,4.35,4.37,4.39,4.34,157502.9
2025-09-25,4.37,4.33,4.37,4.32,155598.09
2025-09-26,4.33,4.35,4.37,4.32,131215.0
2025-09-29,4.35,4.37,4.38,4.3,180109.8
2025-09-30,4.37,4.35,4.37,4.34,134520.88
2025-10-09,4.36,4.42,4.43,4.35,249206.0
2025-10-10,4.41,4.44,4.45,4.4,232137.02
2025-10-13,4.38,4.41,4.41,4.33,275625.66
2025-10-14,4.41,4.44,4.46,4.4,281356.0
2025-10-15,4.44,4.47,4.47,4.42,273773.86
2025-10-16,4.47,4.44,4.47,4.43,177231.0
2025-10-17,4.45,4.4,4.47,4.4,204398.62
2025-10-20,4.42,4.44,4.44,4.39,192146.69
2025-10-21,4.44,4.49,4.51,4.44,434549.31
2025-10-22,4.49,4.49,4.53,4.48,293995.02
2025-10-23,4.48,4.55,4.55,4.48,331209.46
2025-10-24,4.56,4.5,4.56,4.49,297770.66
2025-10-27,4.5,4.5,4.54,4.48,228362.66
2025-10-28,4.49,4.49,4.52,4.48,170847.55
2025-10-29,4.49,4.51,4.51,4.45,200570.56
2025-10-30,4.51,4.53,4.54,4.5,340213.52
2025-10-31,4.51,4.48,4.53,4.46,317860.02
2025-11-03,4.49,4.48,4.49,4.45,164622.14
2025-11-04,4.48,4.49,4.52,4.47,236908.48
2025-11-05,4.48,4.55,4.55,4.46,381178.92
2025-11-06,4.56,4.56,4.61,4.54,411904.46
2025-11-07,4.55,4.59,4.63,4.54,340338.83
2025-11-10,4.61,4.62,4.63,4.58,301923.87
2025-11-11,4.6,4.6,4.61,4.58,266035.0
2025-11-12,4.6,4.55,4.6,4.54,231663.0
2025-11-13,4.55,4.56,4.57,4.52,207811.31
2025-11-14,4.55,4.54,4.57,4.53,237167.09
2025-11-17,4.54,4.53,4.55,4.49,282226.55
2025-11-18,4.52,4.42,4.53,4.41,399925.95
2025-11-19,4.41,4.4,4.43,4.36,241565.0
2025-11-20,4.4,4.37,4.41,4.36,175384.02
2025-11-21,4.35,4.25,4.37,4.23,380414.76
2025-11-24,4.25,4.25,4.27,4.23,201964.91
2025-11-25,4.25,4.26,4.28,4.25,157728.0
2025-11-26,4.26,4.25,4.28,4.25,145831.0
2025-11-27,4.25,4.24,4.27,4.24,119195.21
2025-11-28,4.24,4.25,4.26,4.21,136806.2
2025-12-01,4.26,4.27,4.29,4.24,130325.03
2025-12-02,4.27,4.3,4.3,4.25,125082.34
2025-12-03,4.29,4.31,4.33,4.29,154165.03
2025-12-04,4.3,4.27,4.31,4.27,105485.0
2025-12-05,4.27,4.3,4.31,4.25,113044.16
2025-12-08,4.36,4.3,4.37,4.3,134023.0
2025-12-09,4.29,4.28,4.32,4.28,84077.88
2025-12-10,4.28,4.29,4.3,4.27,76277.07
2025-12-11,4.3,4.28,4.31,4.28,116966.0
2025-12-12,4.28,4.34,4.35,4.28,218695.6
2025-12-15,4.34,4.33,4.36,4.32,131301.34
2025-12-16,4.33,4.29,4.33,4.28,134271.0
2025-12-17,4.29,4.29,4.3,4.23,138880.16
2025-12-18,4.29,4.29,4.3,4.27,82328.63
2025-12-19,4.29,4.32,4.33,4.28,116287.0
2025-12-22,4.33,4.32,4.34,4.32,87324.06
2025-12-23,4.32,4.31,4.35,4.3,104793.97
2025-12-24,4.31,4.33,4.33,4.29,100212.79
2025-12-25,4.33,4.34,4.35,4.31,103265.5
2025-12-26,4.34,4.34,4.36,4.33,122274.66
2025-12-29,4.34,4.3,4.35,4.29,133534.95
2025-12-30,4.3,4.28,4.3,4.27,112307.0
2025-12-31,4.28,4.27,4.29,4.26,110654.26
2026-01-05,4.27,4.3,4.3,4.26,110897.14
2026-01-06,4.3,4.33,4.33,4.29,174172.14
2026-01-07,4.32,4.31,4.34,4.31,153541.0
2026-01-08,4.3,4.32,4.33,4.29,114248.04
2026-01-09,4.32,4.33,4.34,4.31,178821.2
2026-01-12,4.33,4.37,4.37,4.32,248966.6
2026-01-13,4.36,4.39,4.41,4.34,346051.0
2026-01-14,4.4,4.41,4.46,4.39,494255.75
2026-01-15,4.41,4.41,4.43,4.37,202071.5
2026-01-16,4.43,4.46,4.59,4.42,701748.18
2026-01-19,4.46,4.48,4.52,4.42,463521.0
2026-01-20,4.49,4.52,4.55,4.44,495820.36
2026-01-21,4.5,4.45,4.5,4.43,410969.38
2026-01-22,4.45,4.49,4.49,4.44,277929.75
2026-01-23,4.5,4.54,4.55,4.48,439803.02
2026-01-26,4.53,4.54,4.56,4.48,436463.0
2026-01-27,4.53,4.49,4.54,4.43,324949.0
2026-01-28,4.48,4.51,4.53,4.46,265361.53
2026-01-29,4.5,4.51,4.52,4.46,330692.37
2026-01-30,4.5,4.58,4.61,4.48,749218.38
2026-02-02,4.5,4.49,4.62,4.48,599374.06
2026-02-03,4.5,4.5,4.55,4.44,357132.49
2026-02-04,4.49,4.55,4.56,4.47,352056.11
2026-02-05,4.56,4.45,4.56,4.44,412950.19
2026-02-06,4.43,4.51,4.55,4.43,394399.47
2026-02-09,4.53,4.51,4.57,4.49,314306.0
2026-02-10,4.52,4.48,4.53,4.46,188689.42
2026-02-11,4.49,4.5,4.52,4.48,180099.0
2026-02-12,4.58,4.61,4.71,4.52,903940.47
2026-02-13,4.6,4.48,4.61,4.47,500287.0
2026-02-24,4.54,4.62,4.66,4.52,734757.13
2026-02-25,4.66,4.62,4.7,4.61,624253.62
2026-02-26,4.64,4.7,4.75,4.62,689514.81
2026-02-27,4.69,4.8,4.86,4.66,1049687.84
2026-03-02,4.7,4.76,4.82,4.67,752490.47
2026-03-03,4.74,4.69,4.84,4.67,778389.88
2026-03-04,4.62,4.72,4.76,4.6,595979.16
2026-03-05,4.76,4.79,4.89,4.75,916447.53
2026-03-06,4.76,4.85,4.89,4.76,721035.0
2026-03-09,4.84,4.9,4.98,4.81,1040068.0
2026-03-10,4.87,4.86,4.96,4.82,780560.06
2026-03-11,4.87,5.0,5.02,4.76,1187275.1
2026-03-12,4.98,5.17,5.22,4.95,1372469.77
2026-03-13,5.15,4.95,5.15,4.92,1278017.88
2026-03-16,4.97,4.8,4.99,4.77,848330.67
2026-03-17,4.79,4.81,4.96,4.73,1005954.14
2026-03-18,4.82,4.85,4.99,4.8,773794.03
2026-03-19,4.8,4.9,4.98,4.78,872527.83
2026-03-20,4.87,5.15,5.39,4.86,2811921.83
2026-03-23,5.15,5.01,5.39,4.9,2540311.06
2026-03-24,5.01,5.25,5.25,4.9,2510748.26
2026-03-25,5.15,5.57,5.77,5.14,3458001.26
2026-03-26,5.52,5.87,5.95,5.37,3641930.59
2026-03-27,5.67,5.51,5.79,5.45,2499083.38
2026-03-30,5.35,4.96,5.39,4.96,2023207.46
2026-03-31,4.87,4.72,4.97,4.7,1506167.88
2026-04-01,4.77,4.65,4.79,4.62,1117603.46
2026-04-02,4.63,4.52,4.71,4.48,1020237.54
2026-04-03,4.49,4.34,4.53,4.32,897566.89
